AccountAge,MonthlyCharges,TotalCharges,SubscriptionType,PaymentMethod,PaperlessBilling,ContentType,MultiDeviceAccess,DeviceRegistered,ViewingHoursPerWeek,AverageViewingDuration,ContentDownloadsPerMonth,GenrePreference,UserRating,SupportTicketsPerMonth,Gender,WatchlistSize,ParentalControl,SubtitlesEnabled,CustomerID,Churn,Churn_Value
42,11.32195033,475.5219139,Basic,Electronic check,Yes,Movies,Yes,Tablet,0.386852319,24.59336129,25,Comedy,3.489464519,7,Female,15,No,No,LOHRYYC9E8,0,
95,12.8109146,1217.036887,Standard,Electronic check,Yes,TV Shows,No,Mobile,37.12299991,102.8607951,21,Comedy,2.251859955,3,Male,8,No,Unknown,RIH7RFEZCS,0,
6,12.16988764,91.58330354,Standard,Credit card,Yes,TV Shows,No,Tablet,30.7169444,10.51241512,29,Fantasy,2.8983278864999997,4,Male,14,No,Yes,JB5J8X2UY1,1,
54,17.91781896,967.562224,Basic,Unknown,Yes,Movies,No,Mobile,2.49537296,45.24683449,45,Drama,1.275003599,3,Male,12,No,Unknown,Z4GZJIB90P,0,
27,12.16988764,339.0572438,Basic,Mailed check,No,TV Shows,No,Mobile,39.93691005,94.31095421,44,Comedy,3.236229818,4,Female,18,No,Unknown,B3BDJTW0L9,0,
71,12.16988764,818.2870538,Premium,Credit card,No,Movies,Yes,Computer,7.310172114,123.2807941,30,Comedy,2.779614364,6,Female,16,Yes,Unknown,5E4TQK5OVX,0,
69,17.14591043,1183.06782,Basic,Unknown,No,Movies,Yes,Mobile,19.00889994,86.12255889,35,Sci-Fi,4.93349448,6,Female,5,No,Yes,8VFNZ1M1I9,1,
76,17.46187535,1327.102526,Premium,Electronic check,No,Movies,Yes,Mobile,24.42941349,137.5578745,32,Fantasy,2.154737151,9,Female,11,Yes,Yes,THKWUHOGUL,0,
8,12.16988764,614.1966064,Premium,Electronic check,No,Both,Yes,Computer,15.48891251,137.5529416,16,Fantasy,2.8983278864999997,3,Female,2,No,Yes,IGZ39O1ROC,0,
26,19.69926163,512.1808023,Premium,Credit card,Yes,Both,Yes,Unknown,2.121762457,164.0736427,44,Drama,1.725700398,4,Male,16,Yes,Unknown,JHTQYVGRR4,1,
102,12.16988764,1954.784656,Premium,Unknown,No,Movies,Yes,Mobile,38.91923862,5.028411809,29,Unknown,2.68385293,6,Male,19,Yes,Yes,W636FZ4VNV,1,
101,12.16988764,639.2830572,Standard,Electronic check,No,Both,No,Computer,16.06235632,74.34797147,11,Drama,3.836933094,2,Female,12,Yes,Unknown,CAS3XBFUJG,0,
83,9.270358699,769.439772,Standard,Electronic check,No,Movies,Yes,Tablet,10.00865503,25.53124935,32,Action,2.551976207,9,Male,17,No,Unknown,Y66SW76TPC,1,
10,8.078494236,614.1966064,Standard,Mailed check,No,TV Shows,No,Mobile,29.18474344,155.792776,0,Fantasy,2.8983278864999997,2,Female,2,No,Unknown,BEREY4ZEQN,0,
8,5.72871245,45.8296996,Standard,Credit card,No,Movies,Yes,Computer,39.39188382,66.40771736,38,Drama,2.8983278864999997,0,Female,18,No,Yes,ORSECJMYNH,0,
6,13.76503567,614.1966064,Premium,Electronic check,Yes,Both,Yes,Mobile,7.054925489,45.6142672,22,Action,3.834114298,1,Female,7,No,Yes,HI8VKLPO25,0,
2,12.16988764,15.63702791,Standard,Credit card,No,TV Shows,No,Tablet,39.36300166,55.83542583,43,Comedy,2.029335498,4,Male,6,No,Unknown,6RWHGUCAB4,0,
83,16.26314651,1349.84116,Premium,Bank transfer,No,TV Shows,No,Unknown,6.372607419,128.5922698,23,Sci-Fi,2.8983278864999997,7,Male,13,Yes,Unknown,7CC943AY0R,0,
23,13.95714486,321.0143317,Premium,Unknown,Yes,Both,No,Tablet,13.16752731,80.11886199,0,Comedy,1.864824172,8,Male,1,No,Unknown,Y7COZUAXRR,0,
23,12.16988764,145.2351101,Standard,Unknown,Yes,Both,No,Tablet,19.63086022,64.0479123,27,Action,1.742696348,9,Female,23,No,Unknown,7O0U49OF9M,0,
24,12.16988764,310.4670245,Standard,Unknown,Yes,Both,No,TV,15.43167303,65.110075,31,Sci-Fi,2.8983278864999997,1,Male,16,No,Unknown,KWCJPZTMBZ,1,
87,15.00089979,1305.078282,Unknown,Bank transfer,Yes,TV Shows,Yes,TV,37.83699164,121.8521556,29,Action,4.647866618,4,Female,13,No,Unknown,A92ZOG2V1J,0,
63,6.635013133,614.1966064,Premium,Credit card,No,TV Shows,Yes,Mobile,35.34919184,172.6618113,32,Comedy,1.011745357,6,Female,20,No,Unknown,RZUWX2CJ0Q,0,
78,19.85211057,1548.464625,Basic,Electronic check,Yes,Movies,No,TV,29.40402476,80.22383068,13,Unknown,2.274722005,2,Male,0,Yes,Unknown,VJN9GFI0OP,0,
97,13.48847458,1308.382034,Standard,Mailed check,Yes,TV Shows,Yes,TV,23.75808451,56.56707686,20,Action,2.8983278864999997,7,Male,3,No,Unknown,LNQN935XS9,1,
2,15.42666819,30.85333638,Premium,Electronic check,No,TV Shows,No,Mobile,31.32350328,152.0381779,41,Comedy,2.597518511,3,Male,24,Yes,Unknown,S0QK1ZQ4ZB,0,
85,15.0347756,614.1966064,Premium,Mailed check,Yes,Both,Yes,TV,10.55981728,69.41633741,37,Drama,4.270866363,2,Female,21,No,Unknown,X0MDEL63NZ,0,
89,15.37183294,614.1966064,Standard,Unknown,No,Both,No,Mobile,30.17019924,176.5692538,41,Comedy,1.069467342,6,Female,5,No,Unknown,4T29LDSLLN,0,
77,7.780374374,599.0888268,Basic,Unknown,Yes,TV Shows,Yes,Computer,23.81261426,62.44375433,28,Action,4.792037838,4,Female,0,Yes,Unknown,318N9SO05V,1,
113,19.61499197,2216.494093,Basic,Credit card,No,TV Shows,No,Mobile,29.14664661,83.65440622,24,Fantasy,3.188020849,3,Male,8,Yes,Unknown,CBDV730UOG,0,
8,12.16988764,51.21753685,Premium,Mailed check,No,Both,Yes,Tablet,31.2867576,54.57718276,47,Unknown,4.568875141,0,Female,8,No,Unknown,VCB3X9ZM3S,0,
103,10.72652907,1104.832494,Standard,Bank transfer,Yes,TV Shows,Yes,TV,20.7552644,115.0986168,15,Drama,2.087612907,9,Male,11,No,Unknown,4TXBLWD375,0,
76,8.794010017,614.1966064,Basic,Unknown,No,Movies,Yes,Mobile,24.4093202,161.4506785,27,Fantasy,1.274403988,0,Male,13,No,Unknown,J2ZTONJLMC,0,
106,14.24087124,1509.532352,Standard,Credit card,No,TV Shows,No,Computer,15.28827432,59.98049838,35,Fantasy,2.8983278864999997,3,Male,13,No,Yes,0KJGVNJL8N,0,
7,12.49382046,87.45674322,Premium,Unknown,Yes,Movies,No,Tablet,14.2241837,95.42090575,36,Action,4.337422213,6,Male,4,No,Unknown,5JBY0JE8LF,0,
82,12.16988764,614.1966064,Standard,Unknown,Yes,TV Shows,Yes,TV,37.7917127,117.2408694,37,Comedy,2.8983278864999997,0,Female,11,Yes,Unknown,56V1FDEX23,0,
26,12.63326111,328.4647888,Basic,Bank transfer,Yes,Movies,Yes,Unknown,25.535077,155.6757681,37,Comedy,2.323419941,0,Female,20,Yes,Unknown,SCEJCH4OP4,1,
66,13.75190949,907.6260264,Basic,Bank transfer,Yes,Movies,No,Mobile,20.39577294,102.4710881,42,Fantasy,2.430666671,6,Male,4,No,Unknown,EB0W1QH7VZ,0,
37,15.41815523,614.1966064,Basic,Unknown,Yes,TV Shows,Yes,Computer,38.25352608,70.51122846,20,Fantasy,4.198958694,9,Male,21,Yes,Unknown,S5WIVFDNN0,0,
72,14.91068577,1073.569375,Basic,Credit card,Yes,TV Shows,Yes,Mobile,26.2845244,38.17272233,37,Fantasy,4.39741807,0,Male,16,Yes,Yes,AZAQP5JFUX,0,
18,15.62271371,281.2088467,Standard,Bank transfer,Yes,Both,Yes,TV,27.03272315,53.38442131,35,Comedy,4.823201147,2,Female,6,No,Unknown,94GUYMPU6T,0,
105,14.77033151,1550.884809,Standard,Electronic check,No,Movies,No,TV,22.18689103,113.6952686,44,Fantasy,4.781657656,5,Female,12,Yes,Unknown,0H9S6H654F,0,
20,6.880638283,614.1966064,Premium,Unknown,No,TV Shows,No,Computer,28.12046654,156.8158827,42,Unknown,3.505833738,4,Male,12,Yes,No,FH0H23YW0M,0,
45,18.51943603,833.3746214,Premium,Unknown,Yes,TV Shows,No,Computer,25.07038796,110.3599709,14,Sci-Fi,3.883595452,0,Male,7,Yes,Unknown,IUW1HLES8S,1,
15,7.465709217,111.9856383,Standard,Bank transfer,No,Both,No,Computer,20.45379313,77.54316293,0,Fantasy,1.070033825,6,Female,8,No,Unknown,E6LQV6844N,0,
74,12.16988764,861.7870609,Standard,Credit card,No,Both,Yes,Computer,12.39978485,114.4051755,17,Sci-Fi,3.107525294,8,Female,6,No,Unknown,59G4MT5L0S,0,
46,9.791247181,450.3973703,Basic,Bank transfer,Yes,Both,Yes,TV,33.68800513,111.8316964,25,Comedy,2.080026036,6,Female,10,No,Yes,PRI44P2JBT,0,
62,9.796647368,607.3921368,Standard,Electronic check,No,TV Shows,No,Unknown,38.47671814,97.46887978,22,Comedy,2.8983278864999997,7,Female,2,No,Unknown,MMNA6RJYF5,0,
19,18.43597082,350.2834456,Basic,Credit card,No,Both,Yes,Mobile,2.483869799,173.7037972,22,Action,2.8983278864999997,0,Female,24,No,Unknown,HKLEITP1IA,0,
6,9.523391903,57.14035142,Premium,Credit card,No,Movies,Yes,Computer,25.2867813,44.07854951,8,Action,2.8983278864999997,0,Female,2,No,Unknown,T2ED1KDVR6,0,
23,7.725485897,177.6861756,Basic,Credit card,No,TV Shows,No,Mobile,19.59306915,32.36622394,7,Comedy,3.101683324,0,Female,20,No,Unknown,DFIYIYM3TK,0,
109,11.30551835,614.1966064,Standard,Bank transfer,No,Both,Yes,TV,35.44942964,163.479972,43,Action,3.938040848,2,Male,8,Yes,Unknown,FZRJKPERVZ,0,
26,11.20942207,291.4449739,Basic,Bank transfer,No,Movies,Yes,Tablet,5.228049854,22.44377291,24,Action,3.198371705,0,Male,18,No,Unknown,OAWTET09CW,0,
119,13.50281869,614.1966064,Standard,Electronic check,Yes,TV Shows,Yes,TV,12.11186239,12.49848119,26,Drama,3.455806596,7,Female,22,Yes,Unknown,KM2QC8SV7C,0,
45,7.738310174,348.2239578,Basic,Electronic check,No,TV Shows,No,TV,26.94994499,57.08792657,40,Fantasy,3.569271084,7,Female,6,Yes,Unknown,U7BU2SCCHI,0,
111,12.16988764,1259.004389,Premium,Bank transfer,No,Movies,Yes,Mobile,38.25103034,142.5211296,13,Comedy,4.243280762,7,Male,15,Yes,Unknown,53S9CYHTXM,0,
104,6.732794665,614.1966064,Premium,Mailed check,No,Both,Yes,Computer,21.26314603,49.51944256,43,Action,2.8983278864999997,7,Unknown,6,No,Unknown,KFXH24VCIX,0,
110,12.16988764,1412.044815,Standard,Credit card,No,Both,No,Computer,27.64704282,100.4340655,43,Action,3.43880587,5,Male,8,No,Unknown,QDLZNIKBDV,0,
67,12.90821229,864.8502235,Premium,Bank transfer,Yes,Both,Yes,Computer,10.82128502,23.2449591,17,Sci-Fi,2.538593485,1,Male,20,Yes,Unknown,VOLEP42RI4,0,
105,5.236173025,549.7981676,Basic,Unknown,No,Both,No,Mobile,11.59964825,61.33455709,19,Comedy,2.135444217,9,Male,3,No,Unknown,2PV3FKTEN7,0,
45,5.062338714,227.8052421,Basic,Unknown,No,Both,No,Mobile,29.51239866,86.6019,24,Sci-Fi,1.255406302,4,Male,3,No,Unknown,BAHIPO8823,0,
12,19.64808307,235.7769968,Premium,Electronic check,Yes,Movies,Yes,Mobile,12.55071309,169.2374339,21,Fantasy,4.36547353,5,Male,22,Yes,No,XIB5D3UHRB,0,
105,9.182763472,964.1901646,Basic,Electronic check,Yes,Movies,Yes,Computer,24.43151035,91.37342353,49,Comedy,2.8983278864999997,4,Male,0,No,Unknown,G48SX3KH6A,0,
11,12.16988764,614.1966064,Basic,Electronic check,No,Movies,No,Computer,39.29819413,48.35721111,46,Fantasy,2.962542606,9,Female,0,Yes,Unknown,8CGM9OR85P,0,
52,11.28097221,614.1966064,Standard,Unknown,No,TV Shows,No,Tablet,3.688284057,64.07735155,7,Drama,2.8983278864999997,1,Male,19,Yes,Unknown,ZXKZKRKVDN,0,
21,16.67305411,350.1341362,Unknown,Credit card,No,Both,Yes,TV,33.27123793,96.77626214,44,Unknown,3.175287541,8,Male,22,Yes,Unknown,NF9RGTY4VD,0,
16,9.322244538,149.1559126,Basic,Credit card,No,TV Shows,No,Computer,21.43677883,173.1410031,7,Fantasy,2.551480118,4,Male,8,Yes,Unknown,YA70YL4HCM,0,
25,14.6805591,367.0139776,Standard,Bank transfer,Yes,TV Shows,Yes,TV,14.51151217,122.7981833,24,Drama,2.8983278864999997,0,Male,5,No,Unknown,RR7DWPO17O,0,
92,14.77602391,1359.394199,Premium,Credit card,Yes,Movies,No,Mobile,6.164060983,96.45780219,30,Drama,1.898245887,3,Male,3,No,Unknown,HBUU9YXPD0,0,
80,12.16988764,1070.716251,Basic,Bank transfer,No,TV Shows,Yes,Unknown,17.35247004,35.43558984,12,Comedy,2.8983278864999997,7,Male,0,Yes,Unknown,OXNDMG3NC7,0,
98,7.940079709,778.1278115,Standard,Credit card,Yes,TV Shows,No,Mobile,12.55439241,46.56742778,12,Comedy,2.4847051,4,Male,21,Yes,Unknown,GBJGLPXBR5,0,
22,15.20556499,334.5224299,Basic,Unknown,No,Both,No,Computer,2.724997294,159.0936013,15,Fantasy,2.8983278864999997,9,Male,11,Yes,No,PM332INSGW,0,
19,6.521996933,614.1966064,Premium,Credit card,No,TV Shows,Yes,Computer,10.75791603,99.7233411,47,Drama,4.660409875,7,Male,11,No,No,KGZIUGKUB6,1,
104,8.063300807,838.5832839,Unknown,Unknown,No,Both,No,Computer,11.75347911,109.1135517,42,Comedy,4.364419159,1,Male,9,Yes,Unknown,2DBPXLKT8K,0,
85,12.16988764,1294.047005,Standard,Bank transfer,No,TV Shows,Yes,Mobile,15.65530406,81.5815033,27,Drama,2.080307514,9,Female,1,No,Unknown,55VANP455P,0,
62,19.15698463,1187.733047,Standard,Unknown,Yes,Both,Yes,TV,24.93478277,18.60572468,5,Drama,4.266681696,3,Female,13,Yes,Unknown,3MBK6VMOCV,0,
1,12.16988764,13.01210092,Premium,Bank transfer,Yes,Movies,No,Unknown,25.07379163,52.56780586,28,Action,4.284239137,9,Female,12,No,Unknown,UW8ES4IYMI,0,
14,14.26811173,199.7535642,Premium,Electronic check,No,Both,No,Computer,11.24856875,62.58552281,34,Unknown,2.876019105,3,Female,2,No,No,VPJBEYNWQS,1,
31,17.24528788,534.6039244,Premium,Bank transfer,Yes,Movies,Yes,TV,28.83583689,145.0161758,42,Sci-Fi,2.8983278864999997,8,Male,2,Yes,Unknown,5YJC1ZTRTJ,1,
86,11.72989866,1008.771284,Basic,Credit card,Yes,TV Shows,No,TV,3.794326865,121.4418677,21,Fantasy,2.8983278864999997,4,Male,5,No,Yes,HM6617H4JD,0,
33,11.50681974,379.7250513,Premium,Electronic check,Yes,Movies,No,Unknown,23.7729411,169.5757579,9,Drama,2.857483296,2,Female,23,Yes,Unknown,O3LM1DJEII,0,
49,8.357330395,409.5091894,Unknown,Bank transfer,Yes,Movies,Yes,TV,35.83967374,93.49504257,0,Fantasy,2.8983278864999997,5,Male,19,No,Yes,2LZWV9RQL8,0,
53,8.920732965,472.7988472,Standard,Bank transfer,No,Movies,Yes,TV,28.78212104,165.7954167,43,Comedy,4.858662581,0,Female,18,Yes,Unknown,V7E9XNI9DF,0,
63,9.631315045,606.7728478,Standard,Electronic check,Yes,Movies,Yes,Computer,9.490957151,11.837807,16,Comedy,4.322046815,1,Unknown,21,Yes,No,QHBAXJ9D6V,0,
14,7.969210909,111.5689527,Premium,Bank transfer,Yes,Both,Yes,Computer,3.251119999,15.53514151,15,Comedy,2.21026219,7,Male,14,No,Unknown,9C3BD8HX0R,1,
26,12.16988764,338.2810055,Basic,Electronic check,No,Both,Yes,TV,31.79407123,116.0632224,35,Comedy,1.472555721,8,Female,7,Yes,No,DLTHWP80D3,0,
2,16.12540139,614.1966064,Basic,Bank transfer,No,TV Shows,Yes,Unknown,24.74981586,11.98876502,30,Unknown,1.224832615,2,Female,4,No,Unknown,VK85180DSE,1,
15,7.745146161,116.1771924,Premium,Electronic check,No,TV Shows,No,Tablet,22.57104303,155.5207491,40,Sci-Fi,4.120521122,9,Male,19,Yes,Unknown,2P78X3TX9B,0,
80,12.76255924,1021.004739,Unknown,Electronic check,No,Both,Yes,Computer,33.81220539,146.682154,31,Fantasy,2.252178778,9,Male,22,Yes,Unknown,5CM0GI004I,0,
93,13.5808762,1263.021486,Basic,Electronic check,No,Both,No,Computer,22.00460465,114.8972345,43,Sci-Fi,4.529921641,4,Male,6,No,Unknown,W2YUKP9QMF,0,
28,12.16988764,614.1966064,Premium,Credit card,Yes,TV Shows,No,Mobile,37.76481999,96.31058633,30,Unknown,2.8983278864999997,2,Unknown,6,Yes,Unknown,V6CRGUK7OJ,0,
87,6.800976411,591.6849477,Unknown,Unknown,Yes,Both,No,Computer,32.51290337,67.76475082,0,Action,2.70504332,9,Male,12,Yes,Unknown,JHYZISEKTU,0,
58,12.16988764,1062.151085,Premium,Unknown,Yes,TV Shows,No,Computer,6.117646472,177.97499,4,Sci-Fi,1.54595904,8,Male,17,Yes,Unknown,P3ZXPQP59E,0,
94,7.489711342,704.0328662,Standard,Electronic check,No,TV Shows,Yes,Computer,20.26466046,116.6868325,18,Drama,2.8983278864999997,4,Female,11,No,Unknown,3U07QWB58B,0,
52,12.16988764,797.3032724,Basic,Unknown,Yes,TV Shows,No,TV,39.62781715,174.8835848,46,Comedy,3.42681613,8,Male,9,Yes,Unknown,2O9NN81OX5,0,
13,16.74976634,217.7469624,Standard,Electronic check,Yes,TV Shows,No,Unknown,9.426804518,173.1863189,3,Action,1.227198081,5,Male,5,No,Unknown,UY02SJT9FM,0,
20,12.16988764,396.4126392,Unknown,Credit card,No,Both,No,Computer,17.0216638,160.9738879,18,Comedy,4.495737055,4,Female,8,No,Unknown,SLTZTHJFZ9,1,
103,16.51464686,1701.008626,Premium,Unknown,No,Both,No,Tablet,6.575285946,75.52050711,39,Sci-Fi,1.876240577,1,Female,18,No,No,4R07E19QKU,0,
62,12.16988764,842.7120724,Basic,Credit card,No,Both,No,TV,34.49848201,65.21043318,30,Comedy,3.547800164,4,Female,24,Yes,Unknown,MH6D9EWVID,0,
23,12.16988764,170.5803466,Standard,Mailed check,No,Both,Yes,TV,34.00190182,153.677047,42,Sci-Fi,2.612999483,9,Male,13,No,Unknown,7HY2MOSDW6,0,
65,18.27930491,1188.154819,Standard,Unknown,Yes,Movies,No,Mobile,31.13827235,141.4319072,30,Fantasy,2.8983278864999997,9,Male,16,No,Unknown,ZTOJZGRVC4,0,
75,13.3089809,998.1735677,Basic,Bank transfer,No,Both,Yes,Mobile,24.31852704,119.3369053,47,Unknown,3.022918582,5,Unknown,17,No,Unknown,A931RZPGP2,0,
43,7.680618305,330.2665871,Standard,Bank transfer,No,Both,No,Unknown,18.28666522,149.801906,39,Unknown,1.428813784,0,Male,19,No,Unknown,R4SINC9IQZ,0,
45,14.30348706,614.1966064,Premium,Credit card,Yes,Movies,Yes,Tablet,32.53521491,65.256694,15,Drama,2.8983278864999997,6,Female,5,No,Unknown,7NXSSI06MN,0,
48,18.78044511,901.4613652,Standard,Credit card,Yes,Movies,Yes,Computer,22.30395547,29.89036404,1,Drama,1.446495965,2,Male,1,No,Unknown,DM6BMTS1AS,0,
19,12.16988764,168.5997531,Basic,Electronic check,No,Both,No,Computer,38.61154742,143.3053052,8,Comedy,1.389561922,8,Female,22,Yes,Unknown,KBG5OB2YIW,0,
39,12.16988764,683.9517953,Premium,Credit card,Yes,Both,Yes,Mobile,11.56066885,13.48505934,32,Fantasy,1.049661731,9,Male,14,Yes,Yes,RSZFX28GG3,1,
44,12.16988764,752.6633455,Premium,Electronic check,Yes,Movies,No,Tablet,35.68046041,49.35460187,48,Fantasy,2.8983278864999997,9,Male,20,Yes,Unknown,4PCP1V37SI,0,
31,5.463793812,169.3776082,Standard,Bank transfer,Yes,Both,Yes,Computer,10.31299563,92.14099147,5,Comedy,4.626314254,5,Female,24,Yes,Unknown,SCFG260GEA,0,
71,5.084423905,360.9940972,Standard,Electronic check,No,Movies,No,Mobile,8.17409381,70.25383064,25,Fantasy,1.246599216,2,Female,14,Yes,Unknown,NRLC9JJS9S,0,
5,12.16988764,57.24876997,Premium,Bank transfer,No,Both,Yes,Computer,15.57998223,115.7088885,40,Action,2.8983278864999997,2,Male,17,No,Unknown,B6SIIXSQOS,0,
43,8.865387684,381.2116704,Premium,Unknown,No,Movies,No,Mobile,35.37772494,115.1053342,37,Comedy,2.8983278864999997,8,Male,3,No,Unknown,J647T7HQQL,0,
64,6.190149536,614.1966064,Premium,Electronic check,Yes,Movies,Yes,Computer,26.09480037,90.24929986,44,Fantasy,1.916088876,0,Male,1,Yes,Unknown,AH3L1MRZRR,0,
80,12.16988764,614.1966064,Premium,Unknown,No,TV Shows,Yes,Computer,1.566231259,99.92343723,23,Comedy,2.388435615,0,Male,13,Yes,Unknown,4PX89Y1RQA,0,
106,18.9510544,2008.811767,Basic,Electronic check,Yes,Both,No,TV,34.25790597,139.0189279,21,Drama,4.202215048,5,Female,18,Yes,Yes,3FDWNZRH2D,0,
46,10.1288361,465.9264606,Premium,Credit card,No,TV Shows,No,TV,33.53672268,37.76650424,18,Drama,4.753683293,9,Male,9,No,Unknown,Y7Q0UE0U1M,0,
9,12.16988764,154.491589,Unknown,Electronic check,No,Both,No,Computer,16.97958086,150.5060986,41,Drama,1.731258013,6,Male,0,No,Unknown,HN78JG14TS,0,
100,12.16988764,1142.941819,Premium,Electronic check,No,TV Shows,Yes,TV,10.594692,33.21299684,31,Action,1.05060439,0,Male,16,No,No,74YHNQ6G75,0,
98,19.02152489,614.1966064,Basic,Bank transfer,Yes,Both,No,Unknown,1.380466745,91.87070079,17,Sci-Fi,2.8983278864999997,9,Female,13,No,No,RLNIID3XWT,1,
39,7.520022143,293.2808636,Premium,Electronic check,Yes,Both,Yes,TV,30.17973629,81.08144912,26,Fantasy,4.897123984,0,Unknown,4,Yes,Unknown,87D7OLH270,0,
70,10.48200348,733.7402439,Standard,Unknown,Yes,TV Shows,No,Mobile,11.56720495,42.7779051,1,Fantasy,2.573195943,8,Male,5,Yes,Unknown,P6L806SMU4,1,
29,9.610559156,278.7062155,Standard,Electronic check,No,Both,No,Computer,25.45759866,99.44781816,15,Fantasy,2.682192855,5,Male,9,Yes,Unknown,FCTLMSLMQJ,0,
92,10.36450252,953.5342316,Premium,Credit card,Yes,TV Shows,No,Mobile,29.72783899,39.91319919,13,Comedy,1.293567529,0,Female,18,Yes,Unknown,G3AKTVZVV9,0,
109,7.418513932,808.6180185,Basic,Electronic check,Yes,Movies,Yes,Unknown,7.686830378,131.4425295,30,Fantasy,2.8983278864999997,1,Male,7,Yes,Yes,7L6GJZ94PQ,0,
92,14.450434,1329.439928,Premium,Electronic check,No,Both,Yes,Mobile,9.640879896,86.48715223,13,Sci-Fi,4.273449538,8,Female,17,No,Unknown,Z8H53DC791,0,
16,5.173754551,82.78007282,Premium,Credit card,Yes,Both,No,Mobile,4.833288618,127.7095021,13,Sci-Fi,2.183360529,3,Female,10,Yes,Unknown,MSSFBJYVA5,0,
47,8.922393724,419.352505,Standard,Mailed check,No,Movies,No,Tablet,30.65890865,8.829009067,28,Comedy,2.8983278864999997,6,Male,8,Yes,Yes,UMFLMSRD0Q,0,
40,13.60775444,544.3101775,Standard,Electronic check,Yes,TV Shows,Yes,Tablet,31.42253253,39.23633287,13,Sci-Fi,3.538737385,0,Male,18,No,No,YSBXJUEX0T,0,
81,10.97571433,889.0328609,Premium,Bank transfer,Yes,TV Shows,Yes,Computer,18.35221026,86.23345361,19,Sci-Fi,3.020792195,1,Male,19,No,Unknown,4RAT7BS0L4,0,
118,10.47751675,614.1966064,Basic,Unknown,Yes,Both,Yes,Computer,28.85581405,144.7643052,33,Comedy,4.928149986,5,Male,7,No,Unknown,QMSBTHUBOD,0,
13,18.40901405,239.3171827,Standard,Credit card,No,TV Shows,Yes,TV,18.44881545,69.85047784,21,Fantasy,4.091824055,0,Unknown,2,No,Unknown,1LI3AQJFP6,0,
103,16.19821069,614.1966064,Standard,Bank transfer,Yes,Movies,No,Unknown,32.12117345,128.9273066,16,Unknown,3.88800564,5,Male,16,Yes,Unknown,P0UW71OPWI,0,
82,14.21546049,1165.66776,Premium,Electronic check,No,Movies,Yes,Computer,14.40298251,153.3021034,1,Action,4.145493422,3,Male,15,No,Unknown,4C9VVJ76OX,0,
2,6.895624252,13.7912485,Basic,Electronic check,No,TV Shows,Yes,Unknown,30.04251275,124.1554327,22,Fantasy,2.8983278864999997,0,Male,16,No,No,D36302KBBA,1,
86,10.32131525,887.6331112,Standard,Unknown,Yes,Both,No,Tablet,11.23621057,37.07966082,24,Sci-Fi,2.628611966,8,Female,21,No,Unknown,FS3L3723G0,0,
80,12.99789303,1039.831443,Standard,Mailed check,No,Movies,No,Computer,22.69124874,179.5956049,45,Fantasy,3.49215553,5,Female,13,No,No,3OYMTQDGCI,0,
94,11.45367237,614.1966064,Unknown,Electronic check,Yes,TV Shows,Yes,TV,31.4386719,125.9256078,37,Action,2.8983278864999997,1,Male,6,No,Unknown,PQ3OE3IV47,0,
93,19.65136143,1827.576613,Standard,Credit card,Yes,Movies,No,TV,1.653820167,143.17168,38,Comedy,3.755643537,8,Male,15,No,Unknown,959FN5DIWG,0,
95,12.16988764,1731.9116,Standard,Unknown,No,Both,No,TV,15.76161768,71.32438099,1,Drama,2.001727096,4,Male,6,Yes,Unknown,76ILSKGTXV,0,
97,18.74136482,1817.912388,Standard,Credit card,Yes,Movies,Yes,TV,31.5282232,29.49199216,29,Drama,2.564017324,3,Male,14,Yes,Unknown,CCZLTRQXUN,0,
85,16.06581166,1365.593991,Standard,Credit card,Yes,Movies,No,Unknown,2.047874811,69.44470546,39,Drama,3.122885475,1,Unknown,16,No,Unknown,RW8BHOP2GW,1,
5,18.40124487,92.00622437,Basic,Bank transfer,Yes,TV Shows,No,Computer,36.19593219,122.3675915,26,Drama,4.521395915,3,Female,13,Yes,Unknown,NWRCRG0LLN,0,
104,9.660164387,614.1966064,Basic,Unknown,No,Movies,Yes,Mobile,6.98320929,68.58594402,1,Fantasy,1.346854554,6,Female,5,No,No,0N2YDSLDKE,0,
96,11.31069689,1085.826901,Premium,Mailed check,No,TV Shows,Yes,TV,36.97431598,84.24406552,1,Unknown,3.604572632,6,Female,0,No,Unknown,8Y4EB81DID,0,
84,18.65108584,1566.69121,Standard,Bank transfer,No,Movies,Yes,TV,23.66546228,32.91343925,13,Action,3.942583409,5,Male,11,Yes,Unknown,W4D82JGRSR,1,
10,12.16988764,614.1966064,Standard,Unknown,Yes,Movies,Yes,Computer,19.86516822,77.53799118,34,Comedy,2.8983278864999997,7,Male,20,No,Unknown,86F5GYIU4B,0,
70,17.11669827,1198.168879,Basic,Unknown,Yes,TV Shows,No,Mobile,25.44657759,166.7288532,23,Comedy,4.436424584,0,Female,8,Yes,Unknown,GSY02BHXUI,0,
96,5.126881609,492.1806345,Premium,Unknown,Yes,Both,No,Computer,22.10971491,40.86941156,34,Drama,1.792938023,4,Female,19,No,Unknown,T5A5GUDGHH,0,
55,12.22852232,672.5687276,Basic,Unknown,No,Both,No,Computer,14.31867098,165.3747235,25,Unknown,3.131941212,7,Male,9,No,Unknown,JXCF0T7PWE,1,
109,8.024188057,874.6364982,Premium,Unknown,No,Both,No,Tablet,1.032565759,73.872435,28,Sci-Fi,2.8983278864999997,3,Female,17,Yes,Unknown,1SEDHZRPXU,0,
117,18.62572815,2179.210194,Standard,Electronic check,No,Both,No,Tablet,15.47408792,140.2754708,17,Sci-Fi,3.348487274,5,Unknown,15,No,Unknown,3KLVFZM7OJ,0,
74,9.040513991,668.9980353,Basic,Electronic check,No,Both,No,Computer,30.11386785,130.5407418,44,Sci-Fi,2.315737562,2,Male,10,No,Unknown,68ZNRI2572,0,
77,12.16988764,614.1966064,Standard,Credit card,Yes,TV Shows,No,Mobile,35.74416676,135.2417352,42,Fantasy,1.545109569,9,Male,3,No,Unknown,W813C4GC5Q,0,
74,9.687673669,716.8878515,Basic,Bank transfer,No,TV Shows,No,Computer,10.06328467,68.1579254,34,Action,2.8983278864999997,5,Male,14,No,Unknown,570S7DXPHT,1,
89,11.53894308,614.1966064,Premium,Bank transfer,Yes,Both,Yes,Computer,12.59074548,171.2166008,19,Comedy,2.8983278864999997,7,Male,6,Yes,Unknown,UOVRUIE484,0,
110,13.27555667,1460.311234,Premium,Electronic check,Yes,TV Shows,No,TV,32.86360089,149.458285,35,Fantasy,2.462813066,6,Male,8,No,Yes,1QFYKNRAMM,0,
14,12.16988764,268.3102572,Premium,Credit card,No,TV Shows,No,Mobile,31.44414096,111.654335,47,Sci-Fi,1.681603952,4,Male,10,No,Unknown,FKYXDCALD8,0,
63,12.16988764,521.2231095,Premium,Bank transfer,Yes,Movies,No,Computer,27.96446805,8.537577247,4,Drama,2.8983278864999997,8,Male,3,No,Unknown,YFT2PG26WZ,0,
102,12.16988764,1797.555246,Basic,Bank transfer,Yes,TV Shows,Yes,Mobile,32.71206052,92.83601561,46,Drama,1.257418012,6,Female,22,Yes,Unknown,CS2FZRYU8L,0,
45,13.07321556,588.2947004,Basic,Bank transfer,No,Both,Yes,Computer,14.79340292,109.2614244,20,Sci-Fi,2.086339036,1,Female,13,No,Unknown,XQ9ABXGKJ2,0,
59,12.16988764,718.0233709,Basic,Bank transfer,No,Movies,No,Computer,28.54828622,32.3272776,14,Fantasy,2.8983278864999997,1,Female,16,Yes,Unknown,2320A0GXKQ,1,
115,5.683634966,653.6180211,Standard,Electronic check,No,Movies,Yes,TV,6.128048068,50.25908308,0,Fantasy,1.794444317,4,Male,22,No,Unknown,MGW74TNB92,0,
99,17.85679111,614.1966064,Standard,Electronic check,Yes,Both,No,Mobile,8.723655813,168.8003125,17,Action,4.456910703,9,Male,14,No,Unknown,V8CKCGJ5E8,0,
73,5.755528321,420.1535675,Basic,Mailed check,No,TV Shows,Yes,Mobile,26.87265849,121.8296205,40,Sci-Fi,2.26442864,4,Male,24,No,Unknown,S16BCT80VU,0,
62,11.00106285,682.0658966,Basic,Unknown,Yes,Both,No,Computer,3.872129326,133.5184398,22,Comedy,1.053246765,0,Female,6,Yes,Unknown,BMKC2PJE7U,0,
6,7.153641034,614.1966064,Standard,Electronic check,Yes,Both,Yes,Computer,8.012984647,113.3610159,48,Fantasy,3.854250804,7,Male,11,Yes,Unknown,191490BP7I,0,
93,10.19002962,947.6727549,Basic,Bank transfer,No,Both,No,TV,38.08542264,101.0557363,42,Comedy,2.8983278864999997,0,Female,18,Yes,Unknown,66V1KPHQMM,0,
30,12.16971708,614.1966064,Premium,Credit card,Yes,Both,Yes,Mobile,5.54222692,68.76965173,41,Drama,2.691152923,6,Male,9,Yes,Unknown,G55J3RXYSJ,0,
5,8.918884997,44.59442499,Unknown,Bank transfer,No,Movies,No,TV,29.14832344,89.33032327,4,Sci-Fi,2.8983278864999997,5,Male,13,Yes,Unknown,CLJPBTJR01,1,
94,7.626840925,614.1966064,Basic,Unknown,No,Movies,No,Computer,15.50263451,32.64060755,9,Action,2.377997566,1,Male,9,No,Yes,RFQJOFKVYH,1,
85,12.16988764,728.869204,Premium,Bank transfer,Yes,TV Shows,No,Mobile,37.90154614,140.9532847,8,Comedy,2.897521029,2,Male,0,No,Unknown,TCI2ZYA2OH,0,
49,14.96593141,733.3306391,Premium,Credit card,No,Both,No,TV,34.25518684,88.39879326,38,Fantasy,2.8983278864999997,6,Male,18,No,Unknown,QTQ705NK8P,0,
98,17.5674048,1721.605671,Standard,Credit card,No,Movies,Yes,Tablet,12.68955631,96.42690087,1,Comedy,2.063543029,3,Male,18,No,Unknown,6OAKAQPYJI,0,
34,18.32147921,622.930293,Standard,Credit card,Yes,Both,Yes,Computer,27.90326643,56.93922885,9,Unknown,2.689210112,0,Female,1,Yes,Unknown,X8S5TM85UM,0,
109,13.1858775,1437.260648,Premium,Electronic check,Yes,Both,Yes,TV,20.027451,55.3818715,39,Sci-Fi,1.725705837,4,Male,2,Yes,Yes,YSXKQ3NPQY,0,
106,10.23545292,1084.958009,Basic,Unknown,Yes,Movies,No,Mobile,1.476191971,111.611972,10,Comedy,3.97489169,9,Female,2,Yes,Yes,AWOJ9P08XG,1,
9,19.00963683,171.0867315,Basic,Electronic check,Yes,Both,No,Mobile,14.13959531,104.3774409,29,Action,3.257769638,0,Male,10,No,Yes,4HWEZXFWH7,0,
27,9.704060053,262.0096214,Premium,Electronic check,No,Both,Yes,TV,2.095646565,132.4632055,24,Drama,2.8983278864999997,7,Female,11,No,Unknown,08SXSQQO8U,0,
116,14.56517492,1689.56029,Standard,Unknown,Yes,Movies,Yes,TV,19.06038495,111.7958462,39,Action,3.914221938,2,Male,5,No,Unknown,FU217ZFBHN,0,
66,18.63775103,1230.091568,Premium,Bank transfer,No,TV Shows,No,Mobile,9.234129416,166.0504758,2,Action,2.319555041,9,Male,13,No,No,OX3OJ9LAOC,0,
44,12.7465546,560.8484022,Unknown,Electronic check,No,TV Shows,Yes,Computer,6.587382518,147.2456685,13,Action,2.601699941,5,Male,16,No,Unknown,768I1YHH7G,0,
82,12.16988764,1480.443582,Premium,Credit card,Yes,TV Shows,Yes,Tablet,2.251525328,32.93240275,38,Unknown,1.657997085,8,Female,24,No,Unknown,VLBQICLTAV,0,
12,13.7695569,165.2346828,Basic,Credit card,Yes,TV Shows,No,Mobile,35.65509565,120.3266358,40,Action,3.969553741,7,Female,12,Yes,Unknown,WWD6Y3ULXF,1,
3,15.45744072,46.37232215,Standard,Bank transfer,Yes,Both,Yes,TV,30.66081031,179.2337024,13,Comedy,2.8983278864999997,5,Male,9,No,Unknown,2S21P19IE6,0,
90,5.594978677,503.5480809,Premium,Credit card,Yes,Both,No,TV,19.38040521,58.70349873,39,Unknown,1.956337991,2,Male,10,No,Unknown,S96XIOR9FL,0,
49,5.2234862,255.9508238,Standard,Electronic check,No,Movies,No,Mobile,17.70975366,58.95425805,27,Unknown,1.042814778,6,Male,1,No,Unknown,G5BUY00PBY,0,
80,12.16988764,732.4327426,Premium,Electronic check,Yes,TV Shows,No,Computer,17.42052387,80.98677639,22,Comedy,2.8983278864999997,0,Male,10,Yes,Unknown,FGMG7KDSFT,0,
20,7.702870792,154.0574158,Basic,Unknown,No,Both,No,Computer,4.422933327,16.21840675,45,Drama,3.838567826,2,Male,6,No,No,YRVS588TVB,0,
70,13.90492367,614.1966064,Standard,Credit card,No,Both,No,TV,9.938960681,53.21801254,12,Fantasy,1.759799638,9,Male,23,No,Unknown,FFEZ8R3G30,1,
32,18.37299144,587.9357259,Unknown,Bank transfer,Yes,Both,No,TV,34.78813987,179.7520235,44,Unknown,3.370744895,3,Female,19,Yes,Unknown,R9VPT2RPRA,0,
99,12.16988764,614.1966064,Standard,Bank transfer,No,TV Shows,Yes,Computer,16.94662251,89.95777355,33,Drama,1.724816478,7,Female,23,Yes,Unknown,ZKH0WXMBF8,1,
2,12.16988764,35.45376784,Standard,Credit card,Yes,Movies,Yes,TV,27.88002795,161.784377,39,Sci-Fi,1.89646722,2,Male,0,No,Unknown,SSD3NJ3SCF,0,
25,17.78024501,444.5061252,Premium,Credit card,Yes,Both,Yes,Tablet,15.50790387,105.6218531,5,Unknown,4.92568755,0,Female,14,No,Unknown,O1DY5I2K38,0,
2,12.16988764,36.53024825,Standard,Unknown,No,TV Shows,Yes,Computer,34.28306563,75.1127255,13,Fantasy,2.331878882,8,Male,15,No,Unknown,TGEF0EK30G,1,
42,19.76660767,614.1966064,Standard,Bank transfer,Yes,TV Shows,Yes,Computer,16.17375208,68.74974897,42,Fantasy,1.552485826,4,Female,2,Yes,Unknown,215HXHXMIP,0,
9,5.810228268,52.29205441,Standard,Unknown,Yes,Both,No,Mobile,25.13603396,12.24514444,1,Fantasy,2.71862981,2,Male,1,No,Unknown,F144Y0MZYF,0,
113,12.16988764,1015.570769,Unknown,Electronic check,Yes,TV Shows,No,TV,27.02709363,95.28086406,2,Action,2.818623456,9,Male,15,Yes,Unknown,9Q7PGYX2ML,0,
36,12.16988764,614.1966064,Premium,Credit card,No,Both,No,Mobile,8.673304111,42.30847207,17,Comedy,3.7293346,7,Male,19,Yes,Unknown,5S8VIJ1SPR,0,
12,16.67472077,200.0966492,Standard,Unknown,No,Both,Yes,Computer,12.74468898,59.52846283,11,Action,3.166832767,7,Male,3,No,Unknown,BSJOYKXFOF,1,
37,7.119745185,263.4305719,Basic,Bank transfer,Yes,Movies,Yes,Tablet,5.809649449,153.979709,34,Action,2.8983278864999997,9,Male,4,Yes,Unknown,5QHZAWJTSK,0,
90,13.18911776,1187.020598,Premium,Credit card,Yes,Movies,Yes,Mobile,25.29139954,81.6431563,9,Drama,1.017080838,1,Female,2,No,Unknown,FWE2IWZ2IY,0,
8,9.776640944,78.21312755,Premium,Bank transfer,No,TV Shows,Yes,TV,24.27898843,55.37462029,12,Unknown,2.8983278864999997,2,Male,23,No,Unknown,R5WTS42FQX,0,
88,15.86805955,1396.38924,Premium,Electronic check,Yes,TV Shows,No,Mobile,23.8031895,27.22156854,2,Comedy,1.464379489,6,Female,13,No,Unknown,AFSTLSA6VX,0,
97,12.24091967,1187.369208,Basic,Credit card,Yes,Both,Yes,TV,3.757465902,69.12565754,49,Fantasy,2.8983278864999997,1,Male,2,Yes,Unknown,7PFAESWLUG,0,
76,7.355371287,559.0082178,Basic,Mailed check,No,Movies,No,Mobile,10.43156433,139.3186329,26,Unknown,3.041006641,2,Female,2,No,Unknown,CP0X04KOHF,0,
89,8.685508092,773.0102202,Premium,Unknown,No,Both,Yes,Tablet,1.693786695,82.14212764,17,Fantasy,1.000181141,7,Female,10,Yes,Unknown,UX0P88HD6V,0,
70,8.912613505,623.8829454,Premium,Credit card,Yes,Both,Yes,Tablet,19.49612246,5.534880667,29,Comedy,2.163977649,9,Male,11,Yes,Unknown,88RTQHPWSG,0,
68,14.44025529,981.9373596,Standard,Unknown,Yes,Movies,Yes,Mobile,35.89304932,9.268435544,25,Drama,4.288308432,2,Female,3,No,Unknown,5OCID8BHEW,0,
74,12.16988764,414.260322,Premium,Unknown,Yes,TV Shows,Yes,Mobile,14.37624093,128.0712825,20,Drama,4.518431759,1,Male,20,Yes,Unknown,YUFCD3JN10,0,
12,16.31422892,195.7707471,Standard,Credit card,No,TV Shows,Yes,Computer,22.71824589,70.555487,44,Sci-Fi,1.17416538,9,Male,4,No,Unknown,Z063Z6FRXV,0,
26,14.13270737,614.1966064,Standard,Bank transfer,Yes,Movies,No,Mobile,14.41868216,103.2589207,1,Fantasy,1.755556013,0,Male,23,No,Unknown,V7MPOFNWOL,0,
48,12.47692038,614.1966064,Premium,Bank transfer,Yes,Both,No,Mobile,33.93557501,129.4565507,24,Action,2.8983278864999997,4,Male,17,No,No,OLOK1MPMO0,0,
8,7.044229777,614.1966064,Premium,Electronic check,No,TV Shows,Yes,Computer,39.69461475,96.73984767,47,Action,1.684984431,1,Female,3,Yes,Unknown,0SP0JX7K3P,0,
87,5.857584262,614.1966064,Standard,Credit card,Yes,Movies,Yes,Mobile,32.73717025,175.4119686,28,Unknown,2.8983278864999997,8,Male,0,Yes,Unknown,TFCWJR9ERG,0,
79,9.076915258,614.1966064,Standard,Credit card,No,TV Shows,No,Tablet,20.3148163,142.2285846,25,Unknown,4.925269988,4,Male,3,No,Yes,OEQMIG31TH,0,
28,17.29895331,484.3706927,Premium,Unknown,Yes,Both,Yes,TV,14.46124179,119.5886567,3,Action,2.983964822,5,Female,7,Yes,Unknown,7J5ERF1RP7,1,
29,19.7730644,614.1966064,Premium,Unknown,Yes,TV Shows,Yes,Computer,32.26727065,104.1917407,28,Drama,2.124282813,7,Female,3,Yes,Unknown,VZNFPQ7OPL,0,
97,7.526143641,730.0359332,Premium,Mailed check,No,TV Shows,No,TV,2.906560667,165.0296321,46,Action,3.119507649,8,Female,3,Yes,Unknown,AYRVF49YC9,0,
31,10.57937646,327.9606703,Basic,Mailed check,Yes,Both,No,Tablet,7.10337319,93.60951446,48,Fantasy,4.110661851,1,Female,13,No,Unknown,6NXDS63B13,0,
62,12.16988764,698.1092468,Unknown,Unknown,No,Movies,No,Computer,38.91737004,49.83536569,37,Action,2.120500022,7,Unknown,11,Yes,No,H6VMPX84E9,0,
94,9.334496818,877.4427009,Premium,Bank transfer,Yes,Movies,Yes,Computer,38.8440241,109.4666771,14,Fantasy,2.8983278864999997,7,Female,14,No,Unknown,BLGA7AOJHI,0,
40,7.73824531,614.1966064,Premium,Bank transfer,Yes,Both,No,TV,26.92223581,99.97950656,17,Action,2.011069325,2,Male,11,Yes,Unknown,V36SY33B4H,0,
64,12.16988764,1273.924665,Premium,Electronic check,No,TV Shows,No,Mobile,7.817863953,87.88249095,9,Action,4.273986838,9,Male,7,No,Unknown,LB2MHX8FEB,0,
96,12.16988764,1158.950932,Premium,Bank transfer,Yes,TV Shows,Yes,TV,3.089016573,166.4527746,37,Unknown,4.716338837,2,Female,2,Yes,Unknown,YC0L35CZIF,0,
116,15.57769699,1807.012851,Standard,Unknown,No,TV Shows,No,Mobile,36.92422838,91.56048306,15,Sci-Fi,3.535111823,9,Female,3,No,Unknown,X6S7FH7IWY,1,
58,12.16988764,696.1261035,Basic,Electronic check,No,TV Shows,Yes,TV,2.096493567,21.8347468,48,Comedy,2.8983278864999997,3,Male,17,No,Unknown,DACORV2BKQ,0,
13,18.30305654,614.1966064,Premium,Unknown,Yes,Both,No,Mobile,16.3964484,24.52157367,44,Sci-Fi,4.120705228,0,Male,1,No,Unknown,N5TQ6QRKTP,0,
110,18.57939771,2043.733748,Standard,Credit card,No,Movies,Yes,TV,3.52168853,103.220908,0,Drama,2.943234537,2,Unknown,2,No,Unknown,5XB2ABJNMG,0,
28,18.35375206,513.9050577,Premium,Unknown,Yes,TV Shows,No,Tablet,8.725930398,7.649101236,5,Comedy,1.158020167,8,Male,21,Yes,Unknown,99JDHBH75L,1,
15,13.56415522,203.4623282,Premium,Electronic check,Yes,TV Shows,No,Unknown,18.14778197,110.8069522,10,Drama,2.8983278864999997,7,Female,15,Yes,Unknown,ZF9I4H4P59,1,
69,9.323831352,643.3443633,Basic,Credit card,Yes,Both,Yes,Computer,25.92477351,84.00101508,38,Action,2.153326951,1,Female,18,No,Yes,99JBII1AWD,0,
105,14.24683607,1495.917788,Standard,Bank transfer,Yes,Movies,Yes,Tablet,12.05735822,92.36419632,4,Fantasy,2.8983278864999997,9,Female,12,No,Unknown,D17A5U1OJS,0,
63,9.72047473,612.389908,Premium,Unknown,Yes,Both,Yes,Computer,15.59196412,17.34714669,35,Sci-Fi,1.035078157,0,Female,2,No,Unknown,MX66HEBBSJ,0,
112,19.8589319,2224.200373,Premium,Bank transfer,No,Both,Yes,Computer,13.00460878,68.58821093,19,Fantasy,2.8983278864999997,8,Unknown,4,No,No,FMP6QS9A7C,0,
35,18.39223427,614.1966064,Premium,Electronic check,Yes,TV Shows,Yes,TV,12.97073985,163.4468873,9,Unknown,3.58358421,6,Female,10,No,Yes,E2IE1IRI9S,0,
7,12.16988764,614.1966064,Basic,Credit card,No,TV Shows,No,TV,29.35409533,64.34250748,4,Drama,2.8983278864999997,9,Female,0,No,Unknown,V2Z7KTL03M,1,
1,11.5828817,11.5828817,Standard,Credit card,No,Both,Yes,Unknown,2.29881631,76.09527183,44,Sci-Fi,2.955194167,8,Male,4,No,Unknown,6913KN86KU,0,
53,6.447270605,341.7053421,Standard,Unknown,Yes,Movies,No,TV,30.42498007,18.9511822,20,Sci-Fi,2.8983278864999997,9,Male,1,No,Unknown,LXNJ66WZ7B,0,
37,12.16988764,600.0889638,Basic,Bank transfer,Yes,TV Shows,No,Computer,3.547012856,158.702032,25,Sci-Fi,2.8983278864999997,0,Female,12,No,Unknown,ALYMWR7W6O,0,
44,17.03210471,749.4126072,Standard,Bank transfer,Yes,Movies,Yes,Computer,3.702542849,99.62172951,19,Fantasy,1.557271813,1,Male,16,Yes,Unknown,YIDW19N83Z,0,
107,9.840610913,1052.945368,Premium,Credit card,Yes,Both,No,Computer,5.27585295,23.42776082,47,Action,2.8983278864999997,5,Male,19,Yes,Unknown,E983P7PY52,1,
19,6.961005494,132.2591044,Premium,Bank transfer,Yes,Both,Yes,Computer,11.12360345,151.3147785,46,Drama,4.294037368,0,Male,24,No,Unknown,LCQ99APM9V,0,
24,15.13947828,363.3474786,Standard,Unknown,No,TV Shows,No,Unknown,24.36414542,68.72747333,48,Action,3.038646084,1,Male,21,Yes,Unknown,1HTWTCLURB,0,
17,17.47098797,297.0067955,Premium,Bank transfer,Yes,TV Shows,No,Mobile,29.32176291,106.3673485,6,Drama,2.142336899,1,Female,12,Yes,Unknown,6OB63KC191,0,
73,12.04051229,878.9573972,Standard,Bank transfer,No,TV Shows,Yes,Computer,6.036429616,16.47713868,47,Drama,1.436425073,6,Male,16,No,Unknown,IBFCQKDH1T,0,
94,12.16988764,777.5842213,Premium,Credit card,Yes,Both,Yes,Tablet,38.1439852,142.8754309,21,Drama,4.182221523,5,Male,0,No,Yes,ZV78E41WP4,0,
53,6.925092846,367.0299208,Premium,Credit card,Yes,Both,No,Unknown,5.394655552,64.57486728,8,Drama,4.584438516,0,Female,8,Yes,Unknown,7VEWYVW0OE,0,
28,10.90056007,305.2156821,Premium,Electronic check,No,TV Shows,No,TV,11.07614867,11.91737676,14,Drama,1.57422736,9,Female,14,Yes,Unknown,79I6EYWF7V,1,
11,12.16988764,144.6304077,Basic,Credit card,Yes,Movies,No,Mobile,1.466302301,128.9092853,46,Sci-Fi,2.487704331,8,Male,8,Yes,Unknown,5WET5CW3YP,1,
60,17.45306452,1047.183871,Standard,Electronic check,No,Movies,No,Mobile,2.70370876,118.7910063,40,Fantasy,3.445155002,8,Female,13,No,Unknown,9Q1P61OLQP,0,
111,17.97268094,1994.967584,Standard,Unknown,Yes,Movies,No,Mobile,39.38288501,51.28917995,21,Action,4.976389742,4,Male,9,No,Unknown,ORTIRMKBBH,0,
114,18.93599882,2158.703866,Standard,Unknown,Yes,Both,No,Tablet,20.31370857,8.884336656,26,Comedy,4.164570461,2,Female,1,No,Unknown,I7T48I0NC7,0,
77,17.72534867,614.1966064,Premium,Bank transfer,Yes,Both,Yes,Mobile,7.173032627,81.17693489,38,Sci-Fi,2.8983278864999997,2,Male,21,No,Unknown,WW6U8YQ5DL,0,
62,7.424946841,460.3467042,Premium,Credit card,No,TV Shows,No,Computer,15.06630274,68.13473039,30,Fantasy,1.265363974,6,Female,13,Yes,Unknown,CV9FGMWS9E,0,
27,16.09704491,614.1966064,Unknown,Credit card,No,Both,No,TV,18.66144152,134.3286264,11,Comedy,2.69723729,0,Male,8,Yes,Unknown,EY29CCDIS2,0,
84,7.874547284,661.4619719,Premium,Unknown,No,Movies,No,TV,11.17857016,47.769162,11,Action,3.896390081,5,Female,13,No,Unknown,Y7HJ3BEVOR,0,
91,14.76816364,614.1966064,Basic,Electronic check,Yes,TV Shows,No,Mobile,28.16165388,133.404229,3,Fantasy,1.501512459,0,Female,15,No,Unknown,RD5FFJ532Q,0,
57,6.705564802,382.2171937,Premium,Electronic check,Yes,Both,Yes,Mobile,2.829470233,48.66256055,32,Fantasy,2.567352648,2,Male,1,No,Unknown,Z1SDMRYG3K,0,
108,15.02274097,1622.456025,Basic,Electronic check,Yes,Movies,No,Computer,28.56864618,35.2227116,33,Sci-Fi,2.8983278864999997,4,Male,16,Yes,Unknown,PANUHY0K9R,0,
7,8.927906145,62.49534301,Basic,Credit card,No,TV Shows,Yes,Tablet,15.51652151,97.71186142,20,Sci-Fi,2.8983278864999997,1,Female,19,Yes,Unknown,SKB6Q90WV3,1,
47,13.10294945,615.838624,Basic,Credit card,No,Both,No,Mobile,21.92149095,40.24045622,46,Sci-Fi,3.178695942,1,Male,8,No,Unknown,4468G8KNMM,0,
30,15.20546846,614.1966064,Standard,Bank transfer,No,TV Shows,Yes,Unknown,21.53564006,74.05831383,46,Sci-Fi,4.499442217,9,Female,15,Yes,Unknown,5W8I9QOUMH,1,
85,12.16988764,573.1982368,Basic,Bank transfer,Yes,Movies,Yes,Computer,6.793497754,82.97418684,13,Action,1.493633559,6,Male,0,Yes,Unknown,C08JO27O1S,0,
105,12.69036593,1332.488423,Standard,Bank transfer,Yes,Both,Yes,Unknown,9.161204139,118.1014908,40,Drama,4.718125947,7,Female,1,No,Unknown,MGHLPNA0DB,0,
51,12.16988764,735.1257884,Basic,Unknown,Yes,Both,Yes,Unknown,9.153633432,132.3591788,19,Fantasy,2.8983278864999997,4,Female,2,No,Unknown,T91XWC5Z8S,0,
73,12.16988764,649.8423839,Premium,Unknown,Yes,TV Shows,No,Unknown,24.11138638,159.2488958,4,Comedy,1.209440558,4,Male,18,Yes,Unknown,O04GL1CJXC,0,
46,12.0585702,554.6942293,Basic,Unknown,No,Movies,Yes,Unknown,21.33410001,104.3775834,28,Drama,2.8983278864999997,8,Female,17,No,Yes,Q8FHDK59AH,1,
7,12.9425284,90.59769882,Unknown,Credit card,No,Both,No,Mobile,31.08018396,92.78145147,29,Comedy,2.8983278864999997,8,Male,6,No,Unknown,LU1UWBW0SJ,0,
71,12.16988764,560.3703222,Premium,Unknown,No,Movies,Yes,TV,27.68981709,53.99670328,32,Fantasy,1.687620844,5,Female,11,No,Unknown,B4X6BWEJ3O,0,
94,9.869606638,927.743024,Basic,Electronic check,Yes,TV Shows,Yes,Computer,24.52595326,50.92253491,44,Comedy,2.8983278864999997,4,Male,10,No,Unknown,BXICXP3AD7,0,
23,9.335622828,214.719325,Basic,Mailed check,No,Both,No,Mobile,37.11696584,47.78624091,45,Comedy,4.57786409,9,Male,22,Yes,Unknown,3HSZUJ4N4F,0,
65,5.49164353,356.9568294,Premium,Bank transfer,No,TV Shows,Yes,Computer,39.94018885,59.35370564,19,Action,4.337731845,1,Female,23,Yes,Unknown,SWD7LYTD9E,0,
73,12.16988764,1136.77693,Standard,Electronic check,Yes,TV Shows,Yes,Computer,27.17135311,8.497119928,36,Comedy,1.22403005,4,Unknown,16,Yes,Unknown,WNYX39NL5W,0,
118,11.3120024,1334.816284,Premium,Credit card,Yes,Movies,No,Computer,18.56298186,82.05478998,21,Action,1.055106542,5,Female,21,Yes,Unknown,PAPP9BNPZA,0,
89,8.182721984,728.2622566,Standard,Credit card,No,Movies,No,Mobile,19.77449412,156.4381446,16,Sci-Fi,1.880752513,7,Female,13,No,Unknown,3G8L5NAW23,0,
105,8.885810412,933.0100933,Premium,Unknown,Yes,Movies,Yes,Computer,6.650081274,106.3774429,29,Action,2.868028541,7,Male,24,Yes,Unknown,1KB02AC1A8,0,
97,10.5775804,614.1966064,Basic,Credit card,No,TV Shows,No,TV,37.56044782,58.20395971,20,Fantasy,3.154774122,9,Male,17,Yes,Unknown,KJ4SW2VMY4,0,
39,16.89281272,658.819696,Unknown,Bank transfer,Yes,Both,No,Mobile,32.41816435,71.23048862,11,Comedy,1.76908557,0,Female,9,No,Unknown,84IZQT91G0,0,
106,9.755786913,1034.113413,Basic,Electronic check,Yes,Both,Yes,Mobile,31.80976824,176.0624604,46,Sci-Fi,2.8983278864999997,6,Male,20,No,Unknown,VCUEFFSXD0,0,
88,12.16988764,1033.969116,Standard,Bank transfer,Yes,TV Shows,Yes,TV,6.93061752,32.31734184,36,Comedy,1.046685832,2,Male,21,Yes,Yes,BDVE7NSJGZ,0,
69,15.30343162,614.1966064,Basic,Credit card,No,Both,Yes,Computer,19.81752655,47.57057014,39,Comedy,2.160314796,3,Male,24,Yes,Yes,KS4HZSUQP3,0,
106,12.80810791,1357.659438,Standard,Mailed check,Yes,Movies,No,TV,28.16452974,96.2843738,21,Drama,2.8983278864999997,4,Male,10,No,Unknown,UR74N2FR4T,0,
37,13.88262363,513.6570743,Basic,Credit card,Yes,Both,Yes,Computer,36.95793953,85.52221185,36,Comedy,3.385729137,2,Male,16,Yes,Unknown,UODYGBU9LQ,0,
76,12.16988764,614.1966064,Standard,Electronic check,No,Both,Yes,Computer,31.52919397,137.3661366,16,Unknown,2.8983278864999997,8,Female,4,No,Unknown,66I6XTWLX8,0,
62,19.66108872,614.1966064,Basic,Bank transfer,Yes,Both,Yes,TV,38.79163832,66.30844388,41,Unknown,2.239427119,7,Female,4,Yes,Unknown,MBW4492OHO,0,
82,12.16988764,1441.256565,Standard,Unknown,No,TV Shows,Yes,Mobile,27.36317929,48.2358419,41,Fantasy,2.789069318,6,Female,12,No,Unknown,SEAZXTCVV5,0,
55,18.95784218,1042.68132,Premium,Credit card,Yes,Both,No,Mobile,22.47139836,160.9807489,49,Drama,2.8983278864999997,4,Female,6,No,Unknown,0QNQARS50C,0,
109,13.85073543,614.1966064,Standard,Unknown,Yes,Both,No,TV,29.54107789,155.4985476,32,Sci-Fi,1.695521785,0,Female,3,No,Unknown,RZUB4PA36O,0,
93,12.16988764,614.1966064,Basic,Electronic check,Yes,Both,Yes,TV,6.291089281,123.1828817,37,Fantasy,2.213698778,5,Female,19,No,Unknown,SC0PFQVRQP,0,
28,12.56763921,351.8938978,Standard,Electronic check,Yes,Both,Yes,TV,8.868128408,40.76469131,20,Fantasy,3.067584787,0,Female,20,Yes,Unknown,KO08A4M1MO,0,
78,12.76816316,995.9167265,Premium,Electronic check,No,Both,Yes,TV,13.15460582,23.91225734,40,Comedy,1.456896338,2,Male,13,Yes,Unknown,ZO073B6JIP,0,
37,8.406970361,311.0579034,Premium,Mailed check,No,Both,No,Mobile,5.669360091,144.8671488,43,Fantasy,4.028399453,5,Male,3,Yes,Unknown,VGPR4ZHOZK,0,
112,15.43065324,1728.233162,Premium,Bank transfer,Yes,Both,Yes,Computer,9.341575593,154.9118145,14,Action,2.8983278864999997,1,Female,21,Yes,Unknown,TDS79JX46W,0,
68,12.16988764,439.9206654,Basic,Electronic check,No,Both,No,Tablet,36.05038931,103.3944471,22,Sci-Fi,3.526487904,7,Female,15,No,Unknown,ZY3BIDO8KR,0,
69,7.345694723,506.8529359,Premium,Bank transfer,No,Movies,Yes,TV,25.21440113,130.1977742,13,Drama,1.296345667,5,Male,3,No,Unknown,ID5EBX9Y32,0,
39,12.16988764,460.9855606,Standard,Bank transfer,Yes,TV Shows,Yes,Unknown,11.7214901,112.3595935,29,Drama,3.015116099,2,Male,12,No,Unknown,AAPUO6PL66,0,
5,16.77890162,83.89450812,Standard,Credit card,Yes,TV Shows,No,Tablet,16.5997915,146.2807272,31,Unknown,2.8983278864999997,9,Male,14,No,Unknown,EZMIIGEQ6B,0,
50,10.81008494,540.5042469,Premium,Unknown,Yes,Movies,Yes,TV,12.41689461,151.1714981,5,Fantasy,2.8983278864999997,8,Female,2,No,Unknown,ZZ4G2TMF8P,0,
90,15.20870875,614.1966064,Premium,Bank transfer,Yes,Movies,Yes,Unknown,15.19446306,14.35342959,3,Drama,2.043777149,2,Male,12,No,Unknown,YDZFY4XDSU,1,
99,9.945576014,614.1966064,Standard,Electronic check,Yes,TV Shows,No,TV,27.434609,174.6498673,48,Unknown,2.8983278864999997,0,Female,16,Yes,Unknown,P7Z356X98F,0,
44,6.479454973,614.1966064,Basic,Credit card,Yes,Movies,Yes,Computer,17.34225749,36.76798839,27,Action,3.95574787,4,Unknown,20,No,Yes,6OEX5I7KNV,0,
8,5.656137699,45.24910159,Premium,Bank transfer,Yes,Both,No,Mobile,33.08042823,11.71772088,4,Comedy,2.8983278864999997,0,Female,23,No,No,ARFC3VKEJ3,1,
64,10.63171116,680.4295141,Premium,Bank transfer,No,TV Shows,No,TV,36.35878503,170.2436827,47,Comedy,3.587985083,1,Male,6,No,Unknown,T68NQTTHB7,0,
76,11.96097604,909.0341789,Standard,Bank transfer,Yes,Movies,Yes,Computer,32.28181069,101.4019588,20,Action,2.786863709,4,Male,5,No,Unknown,7LMVU1UZ5R,0,
27,15.75110439,614.1966064,Basic,Mailed check,No,TV Shows,Yes,Computer,38.60696758,47.59388028,33,Unknown,2.8983278864999997,4,Male,17,No,Yes,UAG9XD3D47,1,
96,17.31646482,1662.380622,Premium,Bank transfer,No,Both,No,Mobile,35.01896632,63.98424929,32,Comedy,2.8983278864999997,2,Female,6,No,Unknown,W60OAVLA7F,0,
5,12.16988764,51.24043075,Premium,Credit card,No,Both,Yes,Computer,38.06189795,84.08697807,26,Drama,2.664996791,3,Female,6,No,Unknown,15LZ668ACH,0,
51,12.16988764,590.0332035,Standard,Unknown,Yes,Movies,No,Tablet,1.689876001,136.427925,47,Comedy,3.178016186,7,Unknown,15,Yes,Unknown,6VN1H5NMZH,0,
74,17.36996513,1285.37742,Standard,Unknown,No,Both,No,Tablet,18.22073837,172.0649279,22,Comedy,4.936836033,7,Female,7,No,Unknown,LY9P4R42SL,0,
37,10.37932136,384.0348904,Basic,Credit card,Yes,Both,Yes,Computer,8.105231653,98.61734665,41,Fantasy,1.455761026,2,Male,4,Yes,Unknown,FW1PIPB7B1,0,
97,19.83052645,1923.561065,Standard,Credit card,No,Movies,No,Computer,37.23291496,105.770567,3,Comedy,2.8983278864999997,0,Female,24,Yes,Unknown,5GM6WR4QLT,0,
50,7.281704255,364.0852127,Premium,Unknown,No,Movies,No,TV,13.41099446,7.322200626,44,Comedy,4.624857352,4,Male,2,No,No,3TRZWIDJYO,0,
15,6.391937862,95.87906793,Basic,Credit card,Yes,TV Shows,Yes,Unknown,32.13755967,64.98724543,35,Sci-Fi,2.8983278864999997,8,Male,15,Yes,Unknown,PNHCK6FRBW,0,
29,12.99842661,376.9543716,Unknown,Bank transfer,No,Both,No,Computer,22.83463813,66.6195662,47,Drama,2.8983278864999997,5,Female,4,No,Unknown,GX1QDGUH7L,1,
47,17.72691809,833.1651504,Premium,Electronic check,Yes,Movies,No,Tablet,14.31789193,93.04958367,26,Drama,2.8983278864999997,6,Male,23,No,Yes,VKYB0IEH6R,1,
22,12.16988764,614.1966064,Unknown,Bank transfer,No,Movies,No,Computer,38.19381782,124.7604021,44,Drama,2.607315427,8,Male,3,No,Unknown,YHYDXDWGKJ,0,
29,10.21581992,296.2587778,Premium,Electronic check,No,Movies,Yes,TV,17.77621774,6.171950992,40,Comedy,2.544258996,3,Female,5,No,Unknown,0V7T4OUFKT,0,
34,12.16988764,506.1767759,Standard,Bank transfer,No,Movies,Yes,Computer,22.88680095,96.27057426,11,Fantasy,2.8983278864999997,9,Male,12,No,Unknown,CLZ1M9MYQK,0,
82,8.590904341,704.4541559,Premium,Unknown,No,Movies,No,Computer,5.79103657,165.7680118,36,Action,3.414638906,5,Male,24,Yes,Unknown,97LVWKGWW4,0,
92,12.16988764,1103.308473,Premium,Unknown,No,TV Shows,No,Tablet,21.96611521,15.38686749,12,Drama,2.8983278864999997,3,Female,23,Yes,Unknown,TAPMGBC8KI,0,
81,13.80257758,1118.008784,Standard,Unknown,No,Both,No,TV,32.89537725,13.44578039,26,Fantasy,4.432479969,1,Female,19,Yes,Unknown,KM3SRQLGCY,0,
68,12.16988764,1194.85116,Basic,Electronic check,Yes,Both,No,Computer,3.818457378,70.95555302,14,Fantasy,2.8983278864999997,0,Female,9,No,Unknown,IG1BLL35T8,0,
68,12.16988764,967.6157074,Basic,Electronic check,Yes,Both,No,Tablet,36.35321107,56.49716457,14,Comedy,2.783647021,0,Male,23,Yes,Unknown,9O9MMH2E4R,0,
6,12.2651027,73.59061617,Standard,Electronic check,No,Both,Yes,Computer,26.73110304,46.50343704,27,Drama,2.8983278864999997,2,Female,17,Yes,Yes,WPFR2Z3BXH,1,
22,19.72323182,433.9111,Basic,Bank transfer,No,Movies,Yes,TV,39.5558653,141.6633561,30,Sci-Fi,2.393111815,2,Male,22,No,Unknown,UW6DW8SH36,0,
51,12.16988764,640.2066905,Basic,Mailed check,No,Both,Yes,Computer,23.92237362,167.6009751,18,Fantasy,2.8983278864999997,1,Female,6,No,Unknown,UUQ8BI65NE,0,
44,12.16988764,614.1966064,Premium,Unknown,Yes,Both,No,Mobile,15.36425482,43.35824587,31,Sci-Fi,2.875755813,4,Male,17,No,Unknown,28CGLM37E8,0,
52,12.16988764,662.2276347,Basic,Credit card,No,Both,No,Mobile,2.711162056,19.28397815,30,Action,3.198726838,7,Unknown,0,No,Unknown,HOP2UB0UL3,1,
69,19.15949722,1322.005308,Basic,Credit card,Yes,Both,Yes,Tablet,11.24003289,8.963731806,11,Sci-Fi,4.381333233,0,Male,18,Yes,No,VXDDTDI22I,0,
65,11.03196329,717.0776135,Premium,Unknown,Yes,Both,No,Mobile,2.561072631,92.65459245,25,Fantasy,2.997518989,5,Female,6,No,Unknown,M2AA93U36X,0,
39,17.74202931,614.1966064,Standard,Credit card,Yes,TV Shows,No,Mobile,32.46654574,48.73588755,20,Drama,1.954657421,4,Male,1,No,Unknown,5S2SA7GGCO,0,
22,9.801543644,614.1966064,Premium,Mailed check,No,Both,Yes,Computer,10.83072211,22.17722021,25,Sci-Fi,2.8983278864999997,7,Male,7,Yes,Unknown,G6BP6AGJTP,0,
30,8.877794838,266.3338451,Standard,Bank transfer,No,TV Shows,Yes,TV,33.42053557,174.9047494,22,Action,2.898639105,2,Female,21,Yes,Yes,3WBV3E1D36,0,
86,12.16988764,1106.984174,Premium,Bank transfer,Yes,TV Shows,No,TV,19.09592907,156.8807721,0,Unknown,2.8983278864999997,0,Male,18,Yes,Unknown,OGZFUS04WU,0,
5,8.90071517,44.50357585,Standard,Credit card,Yes,Both,Yes,Mobile,26.25872787,62.54815666,25,Action,2.8983278864999997,3,Female,18,No,Unknown,1K1M7OBMB3,0,
74,12.16988764,1400.629793,Standard,Bank transfer,No,Movies,No,Mobile,29.78768829,92.22789264,7,Sci-Fi,3.045945868,5,Female,14,No,Unknown,5XZJ4HOK0M,0,
72,18.61368383,1340.185236,Basic,Electronic check,Yes,Both,Yes,Computer,25.75871752,167.6314098,9,Comedy,3.113433649,7,Female,15,Yes,Unknown,RA0Q2B4M7A,0,
21,7.526048814,158.0470251,Standard,Credit card,Yes,Both,No,Mobile,27.97189253,30.7931058,18,Comedy,4.632832517,5,Male,8,No,Unknown,BWUL3E7213,0,
74,12.16988764,493.221473,Basic,Bank transfer,No,Both,No,Unknown,4.647168546,78.75998207,38,Comedy,2.393574943,7,Male,16,No,Unknown,NSJ7R2HKGE,0,
105,13.80314344,614.1966064,Standard,Credit card,Yes,Both,Yes,Mobile,37.57308266,15.03787051,4,Fantasy,2.8983278864999997,0,Unknown,18,Yes,Yes,LEQ2SPHHL6,0,
48,18.75560156,614.1966064,Premium,Unknown,Yes,Both,No,TV,15.50644146,136.2228235,40,Comedy,4.358640746,7,Female,24,No,Unknown,GLTG31MOIR,0,
93,12.85829112,1195.821074,Standard,Bank transfer,No,Both,Yes,TV,31.89030965,75.76074803,34,Action,4.049705036,4,Male,19,No,Unknown,CA2PHT9NWH,0,
112,15.74605161,614.1966064,Basic,Credit card,Yes,Both,Yes,Unknown,12.52050836,94.3277797,49,Unknown,2.518646281,5,Female,14,Yes,Unknown,GIJVMGRJFU,0,
11,10.39001471,614.1966064,Basic,Bank transfer,No,Both,No,Computer,18.11417037,79.03227554,42,Fantasy,1.050335379,4,Female,16,No,Yes,2L6HZ6JJGP,0,
40,16.33146642,653.2586567,Premium,Electronic check,No,Both,No,Tablet,26.51838696,148.5478274,30,Fantasy,3.126181063,3,Male,15,Yes,Unknown,26HYTQ71V5,0,
13,8.326028947,614.1966064,Premium,Unknown,Yes,TV Shows,No,Computer,35.49507282,178.0430622,15,Drama,3.531709993,0,Female,17,No,Unknown,ASUKOF827I,0,
7,12.16988764,130.0711559,Basic,Bank transfer,Yes,Both,Yes,Mobile,10.4198986,171.9547435,23,Unknown,2.789056391,0,Unknown,5,Yes,Unknown,6NWTMMXFNE,0,
71,18.3927713,1305.886762,Unknown,Unknown,No,Movies,No,TV,6.868602626,38.51091575,32,Action,1.399520573,1,Male,15,No,Unknown,YW1TQF8ENJ,0,
57,19.25634415,1097.611617,Premium,Bank transfer,No,Movies,No,Mobile,32.22730707,165.4952179,7,Comedy,2.8983278864999997,5,Male,23,No,Unknown,JY57X5TRMO,0,
75,5.321912124,399.1434093,Basic,Unknown,No,TV Shows,Yes,Computer,13.28975989,141.2181047,0,Action,2.8983278864999997,3,Female,18,No,Unknown,LNQORYMH26,0,
106,5.35138848,614.1966064,Standard,Unknown,Yes,Movies,Yes,TV,9.1585222,117.5164785,9,Action,1.171765951,1,Male,11,Yes,Unknown,GH9A22N66B,0,
35,13.45991027,614.1966064,Premium,Mailed check,No,Movies,No,TV,25.14219024,32.68506049,4,Comedy,2.593705056,6,Male,1,Yes,Unknown,VN65AE43O6,0,
75,13.90902216,1043.176662,Standard,Credit card,Yes,Both,No,Mobile,17.30177136,23.65357224,13,Action,4.01703588,4,Male,2,No,Yes,KS9FTKV2DQ,1,
36,15.92298983,614.1966064,Basic,Mailed check,No,Both,No,Computer,23.09477618,161.3812327,3,Comedy,2.8983278864999997,3,Male,2,No,Unknown,WABF53RSD0,0,
2,17.12165739,34.24331477,Standard,Mailed check,No,Movies,No,TV,32.41006919,56.23631938,20,Drama,4.634447557,8,Male,19,Yes,Yes,JCP7F0F4IZ,0,
86,12.16988764,1253.072311,Standard,Unknown,Yes,Movies,Yes,Computer,21.46149818,77.77099425,28,Fantasy,3.210023766,0,Male,12,Yes,Unknown,PHPFEBIGBE,0,
38,12.16988764,663.816374,Standard,Bank transfer,Yes,Both,Yes,TV,19.59603443,54.34176131,2,Drama,4.355195066,0,Male,1,No,Unknown,8YUG2KSKFD,1,
34,15.84628781,538.7737854,Standard,Unknown,Yes,Movies,Yes,Mobile,16.12236828,97.91702129,28,Comedy,4.075564622,5,Male,10,No,Unknown,O2RVL1WTJQ,0,
47,15.85612527,745.2378875,Premium,Unknown,No,Movies,Yes,TV,26.28875344,23.33021494,5,Comedy,2.8983278864999997,9,Female,14,No,Unknown,TWLBEGJPJE,1,
25,11.51263797,614.1966064,Basic,Unknown,Yes,TV Shows,Yes,TV,28.29125949,84.80992993,47,Fantasy,2.8983278864999997,7,Female,13,Yes,Unknown,JUSSZ0TYNB,0,
77,17.08414505,1315.479169,Basic,Bank transfer,Yes,Both,No,Computer,31.3043008,36.69464196,7,Unknown,2.8983278864999997,5,Male,17,Yes,Unknown,G7ZUOCOKKN,1,
55,13.2837951,730.6087308,Basic,Bank transfer,Yes,Movies,No,Mobile,8.655617151,39.13592484,31,Comedy,1.357740627,6,Female,10,No,Unknown,KGINLK6E4A,1,
100,8.569442147,856.9442147,Standard,Bank transfer,Yes,Movies,No,Tablet,9.916502462,35.82644276,1,Drama,1.118813478,5,Female,4,Yes,Unknown,3UBWONJ9HM,0,
34,8.894812618,302.423629,Premium,Mailed check,No,Both,Yes,TV,5.286921487,149.7997293,13,Drama,3.157066954,8,Female,6,Yes,Unknown,NOEYROI0WW,0,
44,12.16988764,811.7197284,Basic,Mailed check,Yes,Movies,Yes,Mobile,28.31281687,34.9621716,24,Unknown,2.493227573,2,Female,21,Yes,No,2639EQOIMD,0,
14,5.651174541,79.11644357,Premium,Electronic check,Yes,TV Shows,No,Mobile,32.31333871,36.21862679,43,Unknown,4.034370197,2,Male,16,No,Yes,XJSI88BT5K,0,
117,15.90899543,1861.352465,Premium,Credit card,Yes,TV Shows,Yes,TV,16.30205697,37.10177368,25,Drama,1.048046329,1,Male,21,No,Yes,DV417WR3H8,0,
74,12.16988764,1467.372948,Basic,Electronic check,Yes,Both,Yes,Tablet,21.48170004,80.07380832,33,Comedy,3.403898092,7,Female,17,No,Unknown,VKYYFI9JT0,0,
18,5.227676037,94.09816866,Standard,Electronic check,Yes,TV Shows,No,Mobile,28.17505237,36.55729586,26,Action,2.8983278864999997,4,Female,2,Yes,Yes,LTP4SEXPBP,0,
76,5.098481791,387.4846161,Basic,Credit card,No,TV Shows,No,Computer,20.73247849,68.05434114,1,Comedy,3.312491564,9,Female,16,No,Unknown,X2HXQZDL41,0,
63,10.93707284,689.0355887,Standard,Bank transfer,Yes,Both,Yes,TV,28.34693308,9.346276166,46,Comedy,2.784952374,8,Female,5,Yes,Unknown,MYP0E84TGK,0,
89,12.16988764,1643.807859,Standard,Mailed check,Yes,TV Shows,Yes,TV,5.564469963,39.82291651,2,Unknown,1.712375238,3,Male,13,No,Unknown,UOEK0FDKQI,0,
114,11.34857514,1293.737566,Basic,Mailed check,No,Movies,Yes,Unknown,33.35674864,96.70465211,3,Sci-Fi,1.490040651,2,Female,14,Yes,Unknown,D7V1GQP4ZS,0,
92,12.72039983,1170.276784,Premium,Unknown,No,Movies,No,Computer,22.68228121,21.54861792,36,Drama,1.113246983,7,Male,24,Yes,Unknown,BP4NVKDHAQ,0,
96,12.8461057,1233.226148,Basic,Electronic check,Yes,Both,No,TV,20.90232604,107.071988,15,Action,1.017711977,4,Male,10,Yes,Unknown,VJPEAO45MX,0,
54,9.033418657,487.8046075,Basic,Bank transfer,No,Movies,Yes,Mobile,15.18964797,137.9098836,19,Drama,2.8983278864999997,5,Male,14,Yes,No,QOKIE06Y78,0,
29,6.513702582,188.8973749,Standard,Mailed check,No,Movies,Yes,Computer,1.550091186,141.123494,7,Sci-Fi,3.779706485,5,Male,19,No,Yes,FB0YUU644W,0,
44,16.20045875,712.8201849,Basic,Electronic check,Yes,TV Shows,No,TV,18.39518222,98.88674996,28,Fantasy,2.55027012,8,Female,17,No,Unknown,VGMSYM5ULT,0,
5,13.15059559,65.75297796,Basic,Bank transfer,No,Both,No,Mobile,33.51242193,105.7436218,0,Action,2.8983278864999997,1,Male,21,Yes,Unknown,BKKCQWPOHH,0,
35,14.40135046,504.0472661,Basic,Mailed check,Yes,Both,No,Mobile,3.995640683,40.73587965,6,Comedy,2.8983278864999997,6,Male,24,Yes,Unknown,3VYTTJWF3S,1,
43,10.87395835,467.5802091,Standard,Unknown,No,Both,Yes,Computer,3.134801626,108.5186459,41,Drama,4.478729696,4,Unknown,10,No,No,6W8ONKVDV7,1,
62,17.58855249,1090.490254,Premium,Credit card,Yes,Both,No,TV,22.39657291,103.399753,14,Comedy,1.107166243,7,Female,24,No,Unknown,8OHY4PJDVC,0,
9,6.576820056,59.1913805,Basic,Credit card,No,Movies,No,Tablet,7.720693155,10.55954107,28,Comedy,4.186817971,2,Male,20,No,Unknown,DB37V024VF,0,
118,19.16117967,2261.019201,Standard,Electronic check,No,Both,Yes,Mobile,12.03288267,98.32812237,36,Action,2.8983278864999997,9,Male,21,No,Unknown,LPF96SC93N,0,
77,5.074658863,390.7487324,Basic,Credit card,No,TV Shows,Yes,TV,12.71429155,28.48867002,7,Sci-Fi,2.915367106,5,Female,22,No,Unknown,3DWFDWQTFK,1,
115,11.17884018,1285.566621,Standard,Electronic check,No,TV Shows,Yes,Computer,29.10355613,37.79579366,33,Comedy,2.488767229,2,Female,6,No,Unknown,UK3MUKUEJY,0,
55,12.16988764,785.7810093,Premium,Credit card,Yes,TV Shows,Yes,Mobile,23.9549387,39.85908713,5,Unknown,1.247498917,4,Female,16,Yes,Unknown,FOX2BV2O4O,0,
102,8.086772362,824.850781,Basic,Bank transfer,No,Movies,Yes,Tablet,10.70578262,142.6347907,40,Fantasy,2.763539525,3,Male,20,Yes,Yes,3RR2KKLO1L,0,
83,8.862518164,735.5890076,Unknown,Credit card,No,Both,No,Mobile,12.34074477,60.4220289,47,Drama,2.8983278864999997,8,Male,5,Yes,Unknown,4OUVQSSS9U,0,
116,9.249865017,1072.984342,Basic,Electronic check,No,Movies,Yes,Computer,20.31279749,11.44483961,40,Comedy,1.418501144,7,Female,1,Yes,Unknown,T9A50KD21Z,0,
19,6.125514978,116.3847846,Basic,Credit card,No,Movies,No,Tablet,6.268261829,148.0597727,29,Comedy,4.601373802,6,Male,13,No,Unknown,PO8QJ2Z8HO,0,
64,19.15448812,1225.88724,Premium,Electronic check,Yes,Movies,Yes,Tablet,5.172751964,17.91318089,33,Drama,4.700071953,2,Male,22,No,Unknown,Y3V5G1HCTY,0,
31,12.16988764,614.1966064,Basic,Electronic check,No,TV Shows,No,Mobile,15.0157414,130.7261486,31,Unknown,3.127755278,8,Male,13,No,Unknown,S74Y4BOE5G,0,
85,12.16988764,979.0630663,Standard,Bank transfer,No,Both,No,TV,18.06741365,77.21773934,20,Comedy,2.219642138,5,Male,15,Yes,Unknown,YZG6NV5X4V,0,
48,8.416702098,614.1966064,Basic,Bank transfer,Yes,Both,Yes,Computer,16.26015879,95.09496564,43,Fantasy,1.740133896,6,Male,7,No,Unknown,XR2V49I6RU,1,
53,19.34552892,1025.313033,Standard,Bank transfer,No,TV Shows,Yes,Computer,18.68784845,132.1633425,41,Sci-Fi,4.75130876,6,Male,8,Yes,No,TE1OOM5V4T,0,
7,9.112871943,614.1966064,Standard,Unknown,No,Movies,No,TV,27.35700682,51.54664081,46,Drama,3.459171178,7,Female,7,No,Unknown,H34GMGSYE2,0,
61,15.76363621,961.5818088,Basic,Credit card,Yes,Both,No,Computer,1.989430537,39.31289644,9,Sci-Fi,3.518966614,1,Male,19,No,Unknown,N0Z59F79IY,0,
12,17.03979192,204.477503,Basic,Electronic check,No,TV Shows,No,Tablet,12.43882228,84.63725429,21,Comedy,2.8983278864999997,4,Male,20,No,Unknown,PMZMT39TM8,1,
4,9.386695923,37.54678369,Premium,Credit card,No,Both,No,Computer,9.270005599,175.9761135,42,Comedy,3.126003185,5,Male,10,No,Unknown,EB38S923C3,1,
42,19.8310214,832.9028986,Standard,Mailed check,No,Movies,Yes,TV,16.09530187,36.73064189,30,Sci-Fi,1.081123422,5,Male,11,Yes,Unknown,7S0GPYV37B,0,
100,19.39617374,1939.617374,Premium,Bank transfer,Yes,Both,Yes,Mobile,20.35829793,104.4322419,2,Drama,2.170086946,2,Female,22,Yes,No,231LG9INNM,0,
80,9.485890208,758.8712167,Basic,Credit card,Yes,Both,Yes,Computer,2.626301607,116.6142778,22,Drama,1.18970656,3,Male,4,Yes,Yes,XUARYP9U38,0,
111,11.56225134,1283.409898,Standard,Bank transfer,No,TV Shows,Yes,TV,12.01352491,144.8916055,35,Drama,3.166852574,2,Male,10,Yes,Unknown,1JMFNFQWJ0,0,
116,12.16988764,1770.498011,Premium,Bank transfer,No,Movies,Yes,Mobile,32.66562067,176.3944291,49,Drama,4.873188576,0,Female,14,No,Yes,ZC098KOD0T,0,
118,13.87000274,1636.660323,Basic,Bank transfer,No,Both,No,Mobile,35.5209559,73.80555811,11,Comedy,1.66341215,4,Male,6,No,Yes,CIAX5QUITW,0,
82,12.16988764,1542.532433,Basic,Credit card,No,Movies,No,Mobile,3.552703525,105.6016161,17,Drama,2.8983278864999997,8,Male,21,Yes,Unknown,9YWSEVZLZU,0,
3,12.16988764,58.36260488,Basic,Unknown,Yes,Both,Yes,Tablet,21.53231286,152.6934474,21,Drama,2.8040309,5,Male,9,No,Unknown,SOENNLS0ZZ,0,
4,16.41761508,65.67046031,Standard,Unknown,Yes,Both,Yes,Computer,8.311723463,144.9427459,25,Unknown,4.656031491,2,Male,10,No,Unknown,9B218BRPRO,1,
41,17.89602979,733.7372212,Premium,Bank transfer,No,Both,No,Unknown,15.67358038,129.8150795,40,Comedy,1.941407814,3,Female,17,No,Unknown,01YBG6GK64,1,
11,12.16988764,174.2266164,Basic,Unknown,No,Both,Yes,Computer,11.43787113,147.3115014,12,Fantasy,4.257620545,3,Female,16,No,Unknown,O7R5D8PQF5,0,
7,8.525064687,59.67545281,Basic,Unknown,Yes,Movies,No,TV,21.75028547,135.6758785,1,Action,3.845935779,7,Female,0,No,No,WSC1RLBU1U,1,
17,13.00222187,221.0377718,Basic,Unknown,Yes,TV Shows,No,Mobile,1.586006239,19.71131717,14,Drama,2.8983278864999997,2,Female,18,Yes,Unknown,GEWJCYPGI4,0,
82,6.1504442,614.1966064,Unknown,Electronic check,No,TV Shows,Yes,Tablet,5.997497333,136.0866658,3,Fantasy,1.046296914,1,Male,24,No,Unknown,FLM86XY0XE,0,
66,12.16988764,544.5814377,Standard,Credit card,No,Both,No,Mobile,36.23434892,125.3937321,9,Drama,2.597758005,8,Male,12,No,Yes,JWX4CMXFI4,0,
70,16.16662433,1131.663703,Standard,Unknown,Yes,Both,Yes,Computer,36.67350746,38.27398072,35,Unknown,2.357277319,5,Male,4,No,Unknown,9LF5Q2JZR2,0,
89,9.530101643,848.1790462,Premium,Bank transfer,No,TV Shows,Yes,Computer,36.03776269,178.8328399,48,Drama,2.8983278864999997,3,Male,8,No,Yes,WQ6NX0CG5C,0,
24,19.41791573,466.0299776,Unknown,Credit card,No,TV Shows,No,TV,3.382733381,20.95126958,5,Unknown,4.985831211,0,Male,7,No,Yes,P5RY6QRLHG,1,
97,12.16988764,1099.171288,Premium,Credit card,No,TV Shows,No,TV,15.24728865,164.3057994,49,Fantasy,2.8983278864999997,7,Male,7,Yes,Unknown,17TTFHAES7,0,
110,15.16613042,1668.274347,Premium,Electronic check,Yes,Both,Yes,Computer,36.12130197,62.79114564,28,Comedy,3.308581813,1,Male,3,No,Unknown,H2BDU1OFU2,0,
105,6.150445615,645.7967896,Standard,Unknown,No,Movies,Yes,TV,8.89769077,105.0396817,22,Unknown,3.439343895,6,Male,8,Yes,Unknown,JC686RQTAE,0,
11,8.489214301,93.38135731,Unknown,Unknown,No,Both,No,Mobile,30.41472181,98.79806396,7,Sci-Fi,2.8983278864999997,2,Male,18,Yes,Yes,VTJ25VJ28Y,1,
53,12.8725271,682.2439363,Basic,Bank transfer,No,Movies,No,Tablet,23.06671016,65.05221771,17,Action,4.352617586,6,Female,5,No,Unknown,O1SK1I75KK,0,
15,12.16988764,118.9575328,Basic,Bank transfer,Yes,TV Shows,Yes,TV,29.7951284,130.1140424,40,Action,3.128039602,8,Male,22,No,Unknown,247QBESC58,0,
107,14.76106866,614.1966064,Premium,Credit card,Yes,Both,Yes,TV,23.08307082,32.67446195,47,Unknown,2.8983278864999997,0,Male,10,No,Unknown,8HEN296WKP,0,
30,12.54095276,376.2285829,Basic,Electronic check,No,Movies,No,TV,21.74299631,91.52963779,11,Action,2.8983278864999997,8,Female,17,No,Unknown,FX63S23LYD,0,
47,12.28781023,577.5270806,Standard,Credit card,No,Both,No,Computer,29.9774514,21.7547376,47,Fantasy,1.031957151,7,Female,4,Yes,Yes,Z64ASRAUTL,0,
25,6.595695868,164.8923967,Standard,Credit card,No,Both,No,Mobile,26.07462861,143.5943747,49,Comedy,2.8983278864999997,2,Male,24,Yes,Unknown,QWSRP5WYZ7,0,
5,10.4954665,52.47733249,Premium,Credit card,No,TV Shows,Yes,Mobile,25.41104451,89.18115662,23,Fantasy,2.8983278864999997,9,Male,17,Yes,Unknown,V93W1SHM2S,1,
45,12.16988764,614.1966064,Premium,Unknown,Yes,Movies,Yes,Computer,23.34458973,27.48166044,14,Comedy,2.8983278864999997,9,Male,2,No,Unknown,GW7PEJTX4J,1,
73,19.12870519,614.1966064,Unknown,Credit card,Yes,TV Shows,Yes,Mobile,21.11947981,107.8898053,11,Action,3.83158956,0,Female,17,No,Unknown,S4PEXCPIYO,0,
38,10.0177641,380.6750358,Basic,Bank transfer,Yes,Movies,No,Computer,21.12620075,53.49851143,43,Fantasy,1.7913748,2,Female,17,No,Yes,1I391AU3SN,0,
19,8.457707199,614.1966064,Premium,Credit card,Yes,TV Shows,Yes,Mobile,26.39754587,132.0455361,19,Fantasy,2.93030914,2,Male,13,No,Unknown,JQ7BSBM6QG,0,
21,13.66643901,286.9952193,Premium,Credit card,Yes,Movies,Yes,Computer,21.85138638,129.2123762,29,Comedy,2.172468406,5,Female,5,No,Unknown,YYRK02CCBH,0,
11,13.17045473,144.875002,Standard,Bank transfer,No,Both,No,TV,29.96336121,107.3325775,33,Fantasy,2.8983278864999997,8,Male,20,No,Unknown,FUDOYZD85H,0,
102,6.024801922,614.5297961,Standard,Unknown,No,Movies,No,Tablet,7.460384594,123.0137927,18,Comedy,4.755349323,6,Female,5,No,Unknown,3AFD9MOXI7,0,
17,13.52291788,229.889604,Basic,Credit card,No,TV Shows,No,Mobile,22.79290844,141.3187433,47,Unknown,2.8983278864999997,3,Male,10,Yes,Unknown,GVCL5UK6MS,0,
20,17.11019936,342.2039872,Basic,Bank transfer,Yes,TV Shows,No,Unknown,15.787631,116.3761283,44,Unknown,2.8983278864999997,1,Female,9,No,Unknown,GMVQP14J7R,1,
97,16.27565699,1578.738728,Standard,Bank transfer,Yes,Movies,Yes,Mobile,34.06903448,108.0226885,30,Comedy,3.565056524,4,Female,8,No,Unknown,TJGXX1GDMF,0,
77,18.29776897,1408.92821,Basic,Credit card,No,Both,No,Mobile,6.05154744,28.70683669,31,Fantasy,2.850931553,3,Male,24,Yes,Unknown,TCRTN1NY13,0,
29,19.61083833,568.7143115,Premium,Electronic check,No,Both,Yes,TV,5.444260277,162.6067065,24,Comedy,2.8983278864999997,9,Male,9,Yes,Unknown,J851EH2P0G,1,
13,14.3660329,186.7584277,Standard,Electronic check,No,TV Shows,No,TV,38.75530755,153.9948949,30,Comedy,2.8983278864999997,1,Male,9,No,Unknown,CWILI8TNWV,0,
66,12.3881865,614.1966064,Standard,Credit card,No,TV Shows,Yes,Mobile,17.00480461,141.7038693,32,Sci-Fi,2.803667867,8,Male,22,Yes,Unknown,M0H4U2DO74,0,
97,12.97429546,1258.50666,Premium,Bank transfer,No,TV Shows,No,Mobile,37.98194032,28.12494461,13,Comedy,1.506824927,0,Female,8,No,Unknown,0MQSP0FFYD,0,
20,6.271160031,614.1966064,Standard,Bank transfer,Yes,Movies,No,TV,23.03911622,164.5259107,35,Sci-Fi,2.8983278864999997,6,Male,20,Yes,Unknown,Y9EZJSHPQI,0,
109,9.380608515,1022.486328,Basic,Electronic check,Yes,Both,No,Unknown,9.269996125,176.5454196,19,Action,2.8983278864999997,7,Male,14,Yes,Unknown,S26SQPQ7U5,0,
12,12.16988764,614.1966064,Premium,Unknown,No,Both,Yes,Computer,8.692922195,112.0082698,16,Drama,2.54698002,4,Male,1,No,Unknown,4UDTGLTDRJ,0,
73,10.16498238,742.0437135,Premium,Bank transfer,No,Both,Yes,Mobile,4.508917163,82.07110588,26,Comedy,4.966202024,8,Male,11,No,Yes,G1EZWACNA8,0,
81,11.12339776,614.1966064,Unknown,Electronic check,Yes,TV Shows,Yes,TV,36.55076772,14.45135562,18,Unknown,2.8983278864999997,1,Unknown,3,Yes,Unknown,U1AS552699,0,
31,15.33189865,614.1966064,Premium,Unknown,No,Both,Yes,TV,23.5916008,74.9932717,46,Drama,2.8983278864999997,8,Female,16,No,Unknown,LHJ6RVMAY4,0,
67,7.478566783,614.1966064,Basic,Electronic check,No,Both,No,TV,16.47922772,175.56983,27,Unknown,2.855224282,6,Female,6,No,Unknown,2QKQM0YL6O,0,
111,12.16988764,633.7509011,Basic,Electronic check,Yes,Movies,Yes,Mobile,5.909814891,146.0076736,41,Action,2.8983278864999997,2,Male,13,Yes,Unknown,7MCOJBKEGQ,0,
84,8.259852082,693.8275749,Basic,Unknown,Yes,Movies,Yes,TV,22.78554264,40.27328113,22,Comedy,3.705785127,9,Female,8,No,Unknown,FQ8OK74DH7,0,
8,5.077880532,40.62304426,Premium,Mailed check,No,TV Shows,No,Mobile,39.76680392,22.28963128,23,Drama,2.855558637,2,Male,8,No,No,EIEJU2NT4X,1,
91,16.10314786,614.1966064,Basic,Unknown,Yes,Both,Yes,Mobile,10.52542724,124.5415932,24,Action,2.8983278864999997,8,Male,0,Yes,Unknown,PEAQVSJN15,0,
48,11.69809448,561.5085348,Premium,Electronic check,Yes,TV Shows,Yes,TV,38.2082802,148.6760902,3,Action,2.8983278864999997,7,Female,7,No,Unknown,3NHSEV9BWD,0,
84,5.490695682,461.2184373,Basic,Credit card,No,TV Shows,No,Mobile,23.11495258,173.7696671,48,Unknown,2.8983278864999997,0,Unknown,24,Yes,Unknown,C1E00GDFIF,0,
23,16.44079402,378.1382624,Standard,Mailed check,Yes,Both,No,Tablet,20.32316973,81.00480672,37,Drama,1.956161657,0,Male,13,No,Yes,SRLYYCTG1N,0,
20,11.93164427,614.1966064,Premium,Unknown,Yes,Both,No,Computer,39.94908633,167.2877883,22,Sci-Fi,4.486612724,0,Female,19,Yes,Yes,6E2G3DGYJ8,0,
47,7.653821081,359.7295908,Basic,Unknown,No,Both,No,TV,24.09105765,107.6635851,34,Comedy,2.282489014,4,Male,19,No,Unknown,YG39BTG0JU,0,
17,6.335475777,107.7030882,Premium,Unknown,No,TV Shows,Yes,Computer,21.36519956,12.2815395,33,Sci-Fi,2.942639573,1,Male,12,Yes,Unknown,KOU9J658LA,1,
78,13.51473646,614.1966064,Basic,Electronic check,Yes,TV Shows,Yes,TV,22.25184446,20.80503271,8,Drama,2.282481925,4,Female,11,No,Unknown,LNX9DZELIL,1,
31,15.09440076,467.9264235,Basic,Unknown,No,Movies,Yes,Mobile,25.32938611,44.71292219,6,Fantasy,4.90736772,8,Male,1,No,Unknown,4UZI6T8G6Z,1,
82,17.94181604,1471.228915,Basic,Credit card,No,Both,Yes,TV,25.81660092,87.50920802,15,Drama,4.486024902,0,Female,2,No,Unknown,UJIY8VEJUM,0,
10,18.10932505,181.0932505,Standard,Unknown,No,Movies,Yes,Unknown,6.282211378,17.90377519,6,Comedy,2.046840051,2,Male,12,No,Unknown,VJJIIWMC8P,1,
108,15.76458838,614.1966064,Unknown,Credit card,No,TV Shows,No,TV,32.28005169,35.30274163,41,Drama,2.8983278864999997,6,Female,6,No,Unknown,JMROOGMJZ2,0,
42,6.196803944,260.2657657,Premium,Credit card,Yes,Movies,No,Computer,14.33936824,143.2009773,46,Drama,2.373114862,8,Male,3,No,Unknown,CG6ER9JHQE,0,
6,11.68304849,70.09829096,Basic,Credit card,No,Movies,Yes,Tablet,18.13208568,93.24552449,25,Drama,1.4151609,5,Male,9,Yes,No,VTW9ODT2N5,0,
61,7.29789467,445.1715749,Premium,Electronic check,No,Movies,No,Unknown,36.54831657,75.1329244,42,Drama,4.04174118,5,Female,16,No,Unknown,0KFIL7C3BI,0,
72,12.54713092,903.3934265,Basic,Mailed check,Yes,TV Shows,No,Mobile,29.00343089,172.0167226,49,Drama,2.8983278864999997,7,Female,18,No,Unknown,N4572BLAAD,0,
23,6.603572552,151.8821687,Basic,Electronic check,No,Both,Yes,Unknown,10.98589254,57.6724092,7,Action,2.569011375,5,Male,13,No,Unknown,Y2J7XGKB5H,0,
109,6.469235518,705.1466715,Premium,Mailed check,No,Movies,Yes,Mobile,38.57539354,77.10808963,41,Drama,2.8983278864999997,8,Male,3,Yes,Unknown,FFPQV1LUXI,0,
89,18.09509181,1610.463171,Standard,Mailed check,No,Movies,No,Tablet,10.52729874,162.8826557,30,Sci-Fi,3.142136832,9,Male,17,Yes,Unknown,MR045Z9MKS,1,
12,8.112030043,97.34436051,Basic,Unknown,No,TV Shows,Yes,Mobile,5.647159527,68.91863315,18,Comedy,2.8983278864999997,3,Male,2,Yes,Unknown,NGBJ5DCVMT,0,
111,19.70810329,2187.599465,Basic,Credit card,Yes,Both,No,Computer,39.2554491,19.26046323,2,Fantasy,3.197938689,6,Male,6,No,Unknown,3PSTBL1FKV,0,
19,12.16988764,172.1281094,Premium,Unknown,Yes,Both,Yes,TV,39.54212204,56.42868455,6,Sci-Fi,2.8983278864999997,6,Male,16,Yes,Unknown,UIGGYO790T,0,
104,10.55337336,1097.55083,Basic,Credit card,Yes,Both,No,Computer,19.8367094,76.20078694,0,Unknown,4.735324619,0,Female,8,No,Unknown,3BOFFMJ30P,0,
65,13.21902942,859.2369123,Premium,Unknown,No,TV Shows,No,Computer,32.99123133,38.51645317,1,Fantasy,2.258504909,3,Female,14,No,Yes,O5H136RJQH,0,
38,12.12817059,460.8704824,Premium,Electronic check,No,TV Shows,No,Unknown,25.25485287,31.92085354,11,Action,4.801749268,7,Female,5,No,Unknown,HDKULA3MU9,1,
84,12.16988764,1500.224822,Standard,Electronic check,No,Movies,Yes,Tablet,18.14689282,13.96972245,25,Sci-Fi,2.8983278864999997,3,Male,17,Yes,Unknown,RYCLOFFCVE,0,
119,12.16988764,1696.639417,Basic,Electronic check,Yes,TV Shows,No,TV,16.11988164,34.08777064,13,Action,2.924433361,5,Male,13,Yes,Unknown,YIVE925TC8,0,
46,12.53980729,576.8311353,Basic,Credit card,No,Movies,No,Computer,21.86893296,159.9490902,7,Drama,4.764516331,7,Male,8,Yes,Unknown,930R5P83Z6,0,
60,12.16988764,614.1966064,Standard,Electronic check,Yes,Movies,Yes,Computer,25.68491533,76.24934371,2,Action,2.731416072,6,Female,19,Yes,Unknown,MJZRU4WA8S,0,
93,13.7568633,1279.388287,Premium,Unknown,No,Movies,Yes,Mobile,12.53823936,33.39063036,26,Fantasy,4.856236717,6,Female,19,No,Unknown,10Y170E0E1,0,
51,10.88024152,614.1966064,Basic,Bank transfer,Yes,Movies,No,TV,7.751116369,174.3191369,37,Fantasy,2.8983278864999997,9,Male,16,No,Yes,59X4IH1HIC,1,
111,16.65077939,614.1966064,Premium,Bank transfer,Yes,TV Shows,Yes,TV,11.64427454,140.9100087,33,Action,2.543315645,6,Female,13,Yes,Unknown,H62649TX8P,1,
109,7.951905698,614.1966064,Standard,Electronic check,Yes,TV Shows,Yes,TV,12.23340976,54.87497871,25,Unknown,2.794565743,4,Male,10,No,Yes,0HYI0IZ5N5,1,
62,11.61377045,720.0537678,Basic,Bank transfer,Yes,Movies,No,Tablet,28.67949422,25.63017617,14,Drama,2.8983278864999997,9,Female,18,Yes,Unknown,DM97EUKZWZ,1,
7,11.90562625,83.33938375,Premium,Unknown,No,Both,Yes,TV,14.17273486,172.1702579,18,Comedy,2.52988559,5,Female,11,Yes,Unknown,08AXOX9Q5Y,1,
25,5.446858713,136.1714678,Standard,Electronic check,Yes,Movies,Yes,Tablet,9.873258634,105.0646293,21,Drama,3.861566638,7,Male,4,No,No,DEN7OFO4CL,0,
100,6.250829967,625.0829967,Basic,Credit card,No,TV Shows,No,Mobile,21.53166616,120.6712995,46,Comedy,1.459925866,7,Male,0,No,Unknown,3S7TJ4OCWW,0,
39,12.9483105,504.9841095,Premium,Unknown,No,TV Shows,Yes,TV,39.77573721,174.3377635,6,Fantasy,2.8983278864999997,0,Unknown,12,Yes,Unknown,MC56T2MJWG,0,
32,5.673069671,614.1966064,Standard,Credit card,No,Both,Yes,TV,29.03489281,40.73704426,21,Comedy,4.050041477,8,Male,10,No,Unknown,YXGYWNE4G0,0,
66,15.18451375,1002.177907,Basic,Electronic check,No,Movies,Yes,TV,17.17780743,118.4461622,45,Unknown,2.8983278864999997,9,Female,8,No,Unknown,JK3GWWWS0B,0,
46,9.462543475,435.2769999,Basic,Bank transfer,No,TV Shows,Yes,TV,29.50519046,168.4872749,19,Drama,4.910469235,9,Unknown,11,Yes,Unknown,7RES9FLX3B,0,
2,11.06322101,22.12644202,Standard,Credit card,Yes,Both,Yes,Mobile,36.76282343,53.17093354,22,Comedy,2.8983278864999997,9,Female,19,No,Yes,GLSECWZZV2,0,
26,15.00469388,390.122041,Standard,Electronic check,No,Movies,Yes,Mobile,14.54632599,77.97565016,15,Fantasy,2.696275368,8,Female,1,No,Unknown,6CRFO1SD3P,1,
55,19.73915179,1085.653348,Standard,Bank transfer,Yes,Both,Yes,TV,18.18957798,71.77331258,32,Fantasy,4.550036618,7,Female,11,No,Unknown,D0WWQ6QFVV,0,
42,8.543056402,614.1966064,Basic,Mailed check,No,Movies,Yes,Mobile,19.42110297,73.71629553,29,Fantasy,3.032379204,4,Female,7,No,Unknown,V3IJEAKL9G,0,
45,15.89910741,715.4598334,Premium,Electronic check,Yes,TV Shows,Yes,TV,24.55482173,139.6763834,11,Action,1.55716063,5,Male,22,No,Unknown,6HN2NKHUWW,1,
71,12.16988764,640.6325733,Standard,Bank transfer,No,TV Shows,Yes,Computer,17.41361079,121.2199728,38,Comedy,4.479094752,5,Female,7,Yes,Unknown,3L5C58W61A,0,
27,12.16988764,384.507107,Basic,Bank transfer,Yes,Movies,Yes,Computer,18.82591544,73.90780638,46,Fantasy,3.428949322,0,Male,7,No,Unknown,VWFVDQSNP5,0,
58,11.13489744,645.8240514,Standard,Electronic check,Yes,TV Shows,No,Computer,22.34316602,96.65183686,25,Unknown,1.378433258,8,Female,9,No,Unknown,D8EY1Q6P8M,0,
26,14.80541535,384.9407991,Premium,Unknown,Yes,Both,No,Tablet,28.08169223,144.6063798,7,Drama,1.683918977,2,Male,22,No,No,813JVSVGJS,1,
14,12.16988764,274.6307762,Standard,Unknown,No,Movies,No,Tablet,11.68501636,148.785716,21,Sci-Fi,2.8983278864999997,4,Male,9,No,Unknown,E1KS2MG1T5,0,
47,12.60998096,592.6691053,Basic,Electronic check,Yes,Movies,Yes,Computer,31.63022599,103.9677397,13,Comedy,4.272910358,8,Male,1,Yes,Unknown,OYTFDPJFJK,0,
52,8.167808887,614.1966064,Premium,Electronic check,No,Both,Yes,Tablet,19.11576898,104.0203762,21,Fantasy,3.84156563,7,Female,17,No,No,ZDB8N9OOU7,0,
111,9.582994377,1063.712376,Premium,Unknown,Yes,Both,Yes,TV,32.10829498,65.44636985,14,Sci-Fi,3.711122926,9,Male,2,No,Unknown,8KFJMLYOAR,0,
18,9.6843202,174.3177636,Basic,Unknown,No,TV Shows,Yes,Unknown,11.72567694,137.110846,35,Sci-Fi,2.201108234,1,Male,22,Yes,Yes,4F8NXLFK5A,0,
21,15.05080528,316.0669109,Premium,Credit card,Yes,Both,Yes,Computer,20.34551438,56.81764771,38,Drama,2.8983278864999997,2,Male,5,No,Unknown,WGI5Q7SPLU,0,
51,17.80723608,908.1690402,Basic,Credit card,No,Movies,No,Tablet,9.841864779,66.18163322,39,Fantasy,3.909409317,4,Male,21,No,Unknown,7CLG7V9FT6,0,
83,9.158194968,760.1301824,Basic,Unknown,Yes,Movies,No,Unknown,24.87601699,137.7270843,32,Comedy,3.025662595,1,Unknown,12,Yes,Unknown,VGT7YQ7HL4,0,
18,12.16988764,160.1877098,Basic,Unknown,Yes,Both,Yes,Tablet,13.91991325,118.2017556,26,Comedy,1.100479909,2,Female,4,Yes,Unknown,OCNFAKLQ66,0,
107,7.215803382,772.0909619,Premium,Bank transfer,No,Movies,Yes,TV,2.707806806,118.3551534,27,Fantasy,2.8983278864999997,8,Female,0,No,Unknown,R0XBS593DJ,0,
59,6.005334498,354.3147354,Premium,Bank transfer,Yes,TV Shows,No,Computer,31.00139669,26.72734975,17,Fantasy,1.909988822,3,Male,20,Yes,Unknown,397FZL8VXN,0,
95,9.49706883,902.2215389,Basic,Unknown,No,Both,Yes,TV,3.28112942,137.1022753,29,Unknown,3.789649441,1,Male,22,Yes,Unknown,WZ96LIYVTD,0,
111,7.271541033,807.1410547,Standard,Electronic check,Yes,Movies,No,Mobile,4.949293682,71.39469182,45,Comedy,1.134253958,6,Male,20,Yes,Unknown,FVEM980SI6,0,
3,12.16988764,55.7490667,Unknown,Credit card,No,Movies,Yes,TV,22.44690722,70.20872937,43,Comedy,2.869598606,3,Male,0,No,Unknown,TJ373DIINI,0,
44,10.00586431,614.1966064,Premium,Credit card,No,Movies,Yes,Computer,15.24445635,15.3518166,4,Drama,2.037444229,4,Female,23,No,Unknown,OE1KL6KE9J,0,
68,6.169332571,419.5146148,Standard,Electronic check,Yes,Movies,No,Mobile,35.72783246,150.4698832,37,Drama,2.8983278864999997,1,Male,8,No,Unknown,835MUU22KN,0,
35,18.39407655,643.7926792,Standard,Electronic check,No,Movies,No,Mobile,32.80124783,58.63526997,48,Sci-Fi,3.066785058,0,Male,15,No,Unknown,SQNAPFWFZ4,0,
67,12.16988764,837.2826508,Standard,Credit card,No,Movies,Yes,Computer,16.86908849,157.520702,6,Action,2.8983278864999997,5,Male,17,No,Unknown,09BUGRJ6R1,0,
88,5.852336419,614.1966064,Basic,Unknown,Yes,TV Shows,No,Computer,18.61122694,60.14543389,32,Drama,2.8983278864999997,2,Male,2,No,No,JKBPRJT417,0,
78,9.858911022,768.9950597,Basic,Electronic check,Yes,Both,No,Mobile,25.36968964,97.86756793,30,Fantasy,2.8983278864999997,2,Female,13,No,Unknown,3WSAVAYLAE,0,
30,15.22878408,456.8635224,Premium,Bank transfer,No,Movies,Yes,TV,28.85650765,132.4602765,31,Comedy,1.405568909,3,Male,6,No,Unknown,LKTC3FUN2H,0,
11,10.2557931,614.1966064,Basic,Bank transfer,No,Movies,Yes,TV,24.06853536,42.7575576,35,Drama,2.8983278864999997,6,Female,17,No,Unknown,BW04WZ17AF,0,
4,18.25320927,73.01283708,Basic,Electronic check,No,TV Shows,No,Computer,18.73744577,18.68435975,6,Sci-Fi,1.055465596,4,Male,1,No,Unknown,SZCUW787WR,1,
31,9.511391461,294.8531353,Basic,Unknown,Yes,Both,No,Mobile,34.41124779,133.8382843,15,Comedy,3.472536009,4,Male,23,Yes,Unknown,XQUZHSSW1W,0,
71,9.611106328,682.3885493,Standard,Electronic check,No,Movies,No,TV,14.19881986,100.0925916,5,Fantasy,2.8983278864999997,8,Male,15,No,Unknown,T521EXEC0M,1,
44,18.31361954,614.1966064,Basic,Electronic check,No,Both,No,TV,2.825674347,38.96552776,23,Unknown,1.28285936,4,Female,6,No,Unknown,BSPLI7MAZX,0,
12,19.46837627,233.6205153,Standard,Electronic check,No,Both,Yes,TV,23.2591723,125.1113673,17,Unknown,2.8983278864999997,2,Female,7,Yes,Unknown,Q4F38Y6G37,1,
45,8.535025035,384.0761266,Premium,Bank transfer,Yes,TV Shows,Yes,Unknown,22.1082218,9.331392184,31,Unknown,2.8983278864999997,9,Female,2,No,No,0ERUR0OI2Z,0,
103,16.19150453,1667.724966,Standard,Mailed check,Yes,Movies,No,TV,4.548351793,142.2054471,8,Drama,3.948568947,0,Female,4,No,Unknown,YKMIJJM7V1,0,
53,11.13353026,590.0771039,Standard,Bank transfer,No,TV Shows,Yes,Mobile,15.96176928,167.0051546,22,Sci-Fi,2.8983278864999997,6,Male,20,Yes,Unknown,3XLDY62QGJ,0,
30,12.16988764,614.1966064,Standard,Bank transfer,Yes,Movies,No,Unknown,27.1306086,25.53955335,21,Fantasy,4.485537733,4,Female,20,No,Unknown,R58BC7BZGC,0,
103,10.90272647,1122.980826,Basic,Unknown,No,TV Shows,No,Computer,24.9281292,165.5462241,7,Comedy,2.8983278864999997,7,Male,0,No,Unknown,2KCX0GI5S5,0,
39,9.306575934,362.9564614,Basic,Mailed check,Yes,Movies,Yes,Mobile,37.44451765,43.50311943,7,Fantasy,2.785591625,2,Male,23,Yes,Unknown,E1KOX7V8HN,0,
77,12.36710404,952.2670107,Premium,Electronic check,Yes,TV Shows,Yes,TV,2.228885051,80.29550133,10,Unknown,1.545812591,5,Female,8,No,Unknown,0454D52GA9,1,
95,15.42097607,614.1966064,Premium,Credit card,Yes,Movies,Yes,Computer,7.384351511,28.71246106,35,Unknown,4.300125747,2,Female,21,Yes,Unknown,859P7LP91F,0,
53,15.30000655,810.9003469,Premium,Credit card,Yes,Both,No,TV,20.95983514,131.0834556,11,Drama,1.880002184,1,Female,23,Yes,Unknown,BLE0HCSEGY,0,
92,12.16988764,1171.991126,Premium,Credit card,No,Both,Yes,Mobile,39.45801505,111.9246791,15,Action,3.055814742,6,Unknown,10,No,Unknown,QQTWQYWN4I,0,
19,17.97896773,341.6003869,Premium,Electronic check,No,TV Shows,No,Computer,22.68915965,56.42389978,19,Action,2.8983278864999997,9,Male,6,Yes,Unknown,6Q1FUR0T03,1,
116,12.16988764,930.4333791,Basic,Bank transfer,No,TV Shows,No,Computer,36.9245663,157.316791,44,Comedy,3.756854585,8,Male,9,Yes,No,910BY5X074,0,
30,16.75241505,614.1966064,Standard,Unknown,No,Both,No,TV,39.29059393,26.18321094,9,Comedy,4.775332356,7,Female,8,No,Unknown,0YBHSG2GY8,0,
112,15.73757183,1762.608045,Basic,Unknown,Yes,Movies,Yes,Computer,15.72042296,28.96255926,38,Unknown,3.131786099,4,Female,20,Yes,Unknown,02R275XG8J,1,
58,8.602079217,498.9205946,Standard,Unknown,No,Movies,No,Computer,15.80312694,44.57103485,2,Comedy,3.408452479,9,Male,14,No,Unknown,U0UL9XS0N9,0,
39,14.488662,565.057818,Basic,Electronic check,Yes,Both,Yes,Computer,4.870749467,43.35284106,48,Action,3.267478038,6,Male,17,No,Unknown,X253A34RU9,0,
117,12.91875853,1511.494748,Premium,Bank transfer,Yes,TV Shows,Yes,Computer,38.85039716,64.45947596,46,Fantasy,1.475325642,0,Female,3,Yes,No,GIHK55VQKM,0,
30,18.60543059,558.1629177,Premium,Credit card,No,TV Shows,No,TV,39.56533189,148.5593398,22,Drama,1.267216792,1,Female,4,Yes,Unknown,ZCUH944GFZ,0,
12,11.81955528,141.8346634,Basic,Bank transfer,No,Both,Yes,Computer,24.81981419,38.77816949,9,Unknown,4.491546384,4,Male,2,No,Unknown,5OGPWADZYJ,0,
77,11.78972004,907.8084428,Premium,Unknown,Yes,TV Shows,Yes,Computer,32.97333034,94.78842017,32,Fantasy,4.648095573,8,Male,0,No,Unknown,JZTGSH97RU,0,
53,12.16988764,1006.76045,Premium,Bank transfer,No,Movies,Yes,Unknown,37.78314802,173.2319824,33,Action,1.135281823,4,Male,16,No,Unknown,X2XPC00S6V,0,
12,12.16988764,614.1966064,Premium,Unknown,No,TV Shows,Yes,Computer,39.6885821,142.9517703,6,Action,2.8983278864999997,1,Male,7,No,Unknown,VGPS5IT1V7,0,
46,17.40934748,800.829984,Standard,Electronic check,Yes,TV Shows,Yes,Tablet,6.743291519,146.2589642,42,Action,4.986304478,7,Female,3,Yes,Unknown,QE4W7NPEVF,0,
40,6.495741722,614.1966064,Premium,Electronic check,Yes,Movies,No,Mobile,15.95332541,110.9834459,20,Comedy,4.049378358,6,Male,4,No,No,4JG089DBKP,0,
37,12.16988764,349.4062947,Unknown,Bank transfer,Yes,Both,No,Tablet,10.46273518,6.089685878,46,Action,3.037002967,1,Male,10,No,Unknown,TXSOM0H7WT,0,
51,17.15209376,874.7567818,Standard,Unknown,No,TV Shows,Yes,Mobile,0.315317491,19.22032525,11,Comedy,1.393130078,7,Female,3,No,Unknown,G5WPSQ2AX8,0,
68,8.693594814,591.1644473,Unknown,Credit card,No,Movies,Yes,Computer,10.11388323,118.7788566,25,Comedy,4.567468035,4,Male,5,Yes,No,MXA3XRGFW9,1,
60,13.55046317,813.0277904,Basic,Bank transfer,Yes,Both,No,TV,25.26941992,87.97469748,5,Action,2.8983278864999997,0,Male,2,Yes,Unknown,RRU9FK10PW,0,
89,16.92304368,1506.150888,Basic,Bank transfer,Yes,TV Shows,Yes,TV,30.59178773,84.68268617,44,Comedy,4.314308971,4,Female,1,Yes,Unknown,1D6YFESXMA,0,
90,14.69156145,1322.24053,Standard,Electronic check,No,Both,No,TV,39.90734057,71.54171982,19,Action,3.496441103,2,Female,23,No,Unknown,YO3DN6CUF1,0,
21,12.67123441,614.1966064,Basic,Mailed check,No,Movies,No,Computer,32.35491399,87.69343491,45,Action,1.048041679,5,Female,5,No,Unknown,R55MGS9J8L,0,
101,18.88921301,1907.810514,Basic,Credit card,Yes,TV Shows,No,TV,21.77652829,26.82252782,43,Fantasy,1.519543484,3,Male,5,No,No,8ACY752WPU,0,
13,6.942863889,90.25723056,Premium,Credit card,No,Both,No,Computer,28.2658653,40.6564286,0,Fantasy,4.041868337,7,Male,0,Yes,Unknown,MAQCGMBK9K,0,
69,10.93677637,754.6375696,Basic,Electronic check,Yes,Both,No,Computer,24.00852346,23.15867914,10,Fantasy,2.8983278864999997,1,Unknown,5,No,Unknown,INOT52B77D,0,
6,8.943697609,53.66218566,Premium,Electronic check,No,Movies,No,Computer,1.705697487,167.1553506,35,Action,2.8983278864999997,2,Male,9,No,Unknown,U6X59KIWMY,0,
84,12.16988764,493.314466,Standard,Unknown,No,TV Shows,No,TV,24.99351305,29.72935583,29,Drama,3.082381529,4,Female,24,No,Unknown,O6AP9WOUQC,0,
113,14.9116638,1685.01801,Premium,Credit card,No,TV Shows,No,Mobile,27.21906798,18.52312476,23,Comedy,1.836108901,0,Unknown,0,No,No,P0GJ7ZI3B6,0,
38,6.161191279,234.1252686,Premium,Electronic check,No,Both,No,Tablet,34.20278536,132.5818122,39,Action,4.719384091,9,Male,10,Yes,Unknown,TH7YICIOE3,0,
71,17.02269555,1208.611384,Premium,Bank transfer,No,Both,No,Mobile,15.79787146,146.757093,39,Comedy,4.503380314,3,Female,12,No,Unknown,FQAF6G3KWG,0,
47,12.2954896,577.8880114,Premium,Credit card,No,Movies,No,Computer,7.203912272,53.58683838,47,Comedy,2.711237999,8,Male,7,Yes,Unknown,55MPXFGRV1,1,
89,5.777726685,514.217675,Basic,Bank transfer,No,TV Shows,Yes,Unknown,36.5418125,49.39255906,26,Fantasy,1.993291418,1,Male,19,No,Unknown,5Y5SYHPLPX,0,
28,7.04575002,197.2810006,Standard,Electronic check,No,TV Shows,No,Unknown,22.3925603,153.5982814,34,Drama,4.14385368,0,Male,3,No,Unknown,RWJWNTW96I,0,
4,14.3572081,57.42883239,Premium,Bank transfer,Yes,Movies,No,Mobile,24.78699274,79.47899528,28,Action,4.335567255,6,Female,16,No,Unknown,XOLANQ6E9D,0,
37,13.54095946,501.0155002,Standard,Unknown,Yes,TV Shows,Yes,Computer,26.17595547,34.29956452,19,Sci-Fi,1.843017683,0,Female,4,No,Unknown,832SOLAJK0,0,
29,13.94482562,404.3999429,Premium,Credit card,No,TV Shows,Yes,Unknown,2.014347889,146.2733247,12,Comedy,3.313483999,3,Female,1,No,Unknown,9HSN0PBSUQ,0,
17,12.16988764,172.2857361,Standard,Credit card,Yes,TV Shows,Yes,Computer,34.59837243,114.0380979,46,Action,2.580008664,0,Male,13,No,Unknown,A2YI6M5S44,0,
18,6.312103057,113.617855,Premium,Bank transfer,No,Both,No,TV,5.23776319,48.38685932,17,Unknown,3.681349548,1,Male,11,No,Unknown,1199B39JCH,0,
78,12.81060806,614.1966064,Premium,Bank transfer,No,Movies,No,Tablet,29.99165129,77.23332813,0,Unknown,1.650168637,5,Male,22,Yes,No,T0HMP0YDL6,0,
110,16.33463273,1796.809601,Standard,Credit card,No,TV Shows,Yes,TV,38.90190356,40.11676946,5,Fantasy,4.384237691,6,Male,2,Yes,Unknown,WPAHXXG75J,0,
15,11.88635215,178.2952823,Premium,Credit card,Yes,Movies,Yes,TV,2.345655316,61.35885423,13,Comedy,3.714111374,0,Male,10,No,Unknown,7TX97G2FJD,1,
81,19.42702648,1573.589145,Standard,Credit card,Yes,Both,Yes,Mobile,29.10948086,152.764068,37,Drama,3.394480284,0,Female,14,No,Unknown,4XCANEYONJ,0,
113,16.18112297,1828.466896,Standard,Mailed check,No,TV Shows,Yes,TV,25.99091242,164.9318581,49,Action,4.429886142,2,Female,18,No,Unknown,QCO4MMMN4A,0,
99,7.886022735,780.7162508,Basic,Electronic check,No,TV Shows,Yes,TV,1.19648423,33.44817798,22,Action,3.153886554,7,Female,17,Yes,Unknown,W3QPZX9X20,0,
44,19.36595798,852.1021513,Premium,Bank transfer,No,Both,Yes,Computer,13.8356731,112.6786456,27,Comedy,2.8983278864999997,1,Male,8,No,Unknown,1LRJGKXNJQ,0,
37,7.51657146,614.1966064,Standard,Electronic check,No,Movies,Yes,Computer,13.65468969,65.67213788,47,Drama,1.501123844,2,Male,3,Yes,Unknown,8H0AA828XV,0,
35,11.66584933,614.1966064,Standard,Credit card,No,Both,No,Mobile,17.14550197,55.4365203,19,Action,3.869496625,9,Male,20,Yes,Unknown,GZLA2AE2N2,1,
75,13.08992897,981.744673,Basic,Mailed check,No,Movies,Yes,Mobile,17.18650599,131.5155403,42,Drama,2.8983278864999997,3,Male,3,Yes,Unknown,6FTG9HRJ8K,0,
39,18.2202462,710.5896018,Standard,Credit card,No,Both,Yes,Mobile,39.15716722,116.2348758,3,Drama,1.466738023,6,Male,22,No,Unknown,UQNTQK2SYD,0,
3,6.459340367,19.3780211,Premium,Bank transfer,No,Movies,No,Mobile,2.048459551,127.4776326,15,Action,1.042339522,0,Female,6,No,Yes,TKSZ4GKT53,0,
102,8.758889234,893.4067019,Unknown,Unknown,Yes,Movies,No,Unknown,24.69271488,18.95112304,16,Comedy,1.064774297,7,Female,0,No,Unknown,RJJQZPQRDB,0,
9,6.247002308,614.1966064,Basic,Electronic check,Yes,Movies,Yes,Mobile,10.67160879,161.3840284,35,Action,2.8983278864999997,9,Male,13,No,Unknown,B9HJST3XDG,0,
41,12.16988764,538.105897,Standard,Bank transfer,Yes,Movies,Yes,Mobile,14.72068413,21.62069115,42,Sci-Fi,3.965585675,5,Male,23,No,Unknown,CHEJF0XK33,0,
75,12.16988764,439.9424343,Standard,Electronic check,No,TV Shows,No,Unknown,15.44770605,134.9995069,7,Sci-Fi,2.054445385,8,Female,16,Yes,Unknown,PHZ1LJTZ4F,0,
57,12.23736134,697.5295964,Standard,Mailed check,Yes,Movies,No,Mobile,14.18402993,65.89883917,19,Drama,2.792454996,5,Female,13,No,No,UDGGTAR7RL,1,
79,12.4130434,614.1966064,Unknown,Unknown,Yes,Both,No,TV,19.40518425,138.784886,42,Action,2.8983278864999997,4,Male,10,No,Unknown,0AAHDVJ96S,0,
33,6.173189359,203.7152488,Premium,Unknown,No,TV Shows,No,Computer,35.60418965,77.30808067,18,Action,3.427216551,7,Male,21,Yes,Unknown,79UVJRPXJ5,0,
5,9.035767645,45.17883822,Premium,Credit card,Yes,Movies,Yes,Mobile,11.30019975,16.91111986,20,Comedy,1.434642031,8,Male,12,No,Unknown,HJ5ZOU6JWU,1,
10,10.17356362,101.7356362,Premium,Unknown,Yes,Both,Yes,Computer,35.20733518,41.1709915,21,Unknown,1.119882602,2,Male,13,No,Unknown,P8A4DLLKN7,0,
87,13.38081431,1164.130845,Premium,Credit card,No,TV Shows,No,Mobile,38.97573159,36.63518623,10,Fantasy,2.968844839,5,Male,2,No,Unknown,0WJL917CT0,0,
84,19.69380579,1654.279686,Premium,Bank transfer,No,Both,Yes,Mobile,25.63329021,6.278078692,22,Action,2.653812718,9,Female,21,No,Unknown,QVSRVL2M09,0,
54,12.16988764,546.374669,Standard,Electronic check,No,Both,Yes,TV,10.42670755,144.56272,21,Action,1.527241026,7,Female,10,No,Unknown,KDIJLPEI1Y,0,
54,12.16988764,614.1966064,Premium,Electronic check,No,TV Shows,Yes,Mobile,14.79543838,157.7030511,29,Action,2.006104266,7,Unknown,14,No,Unknown,9NTGHZ9TGX,0,
115,12.13259601,1395.248541,Premium,Credit card,Yes,Both,No,Computer,12.01065102,141.9475746,10,Comedy,1.910190952,7,Female,2,No,Unknown,37B61QQ92N,0,
18,12.16988764,145.6432058,Premium,Electronic check,Yes,Movies,Yes,TV,30.70582467,27.1578659,25,Drama,2.8983278864999997,7,Male,4,No,Unknown,LWNMWJXIF6,0,
69,11.2712462,777.7159879,Premium,Bank transfer,No,TV Shows,Yes,Mobile,9.187368862,92.36334985,16,Comedy,2.8983278864999997,0,Male,9,No,Unknown,6PWPTO3310,0,
50,12.16988764,360.1323014,Premium,Mailed check,Yes,Both,Yes,TV,22.94140544,120.4976535,12,Sci-Fi,1.83899952,6,Male,12,No,Unknown,A3DSYHZCRM,0,
49,12.16988764,744.7312706,Basic,Mailed check,No,TV Shows,No,Tablet,17.13555178,111.823402,36,Action,2.8983278864999997,7,Female,15,Yes,Unknown,C8UGOOCR0V,0,
29,8.754356436,614.1966064,Premium,Unknown,Yes,Both,Yes,Tablet,24.58010722,38.02224154,18,Fantasy,4.573791137,5,Male,18,Yes,No,POH62X5HD3,0,
42,18.46268987,775.4329747,Premium,Unknown,Yes,TV Shows,No,TV,7.521505604,75.65577442,29,Fantasy,2.8983278864999997,7,Male,13,Yes,Unknown,PU0ZLQV83H,0,
35,11.36157728,614.1966064,Premium,Credit card,No,TV Shows,Yes,TV,21.85721574,22.83614402,17,Action,1.969311718,3,Female,22,Yes,Unknown,7YJRMU8IHU,1,
2,12.16988764,614.1966064,Standard,Credit card,Yes,Movies,No,Tablet,28.74405435,55.65420872,23,Action,3.163865621,7,Unknown,12,Yes,Unknown,FHLTJAE6PE,1,
55,8.777524559,482.7638508,Basic,Unknown,Yes,Both,Yes,Mobile,38.51861477,28.57225062,18,Action,2.8983278864999997,2,Male,22,Yes,Unknown,TJFQ6VTH0W,0,
45,15.64083799,703.8377098,Premium,Unknown,No,Movies,No,Tablet,37.37971712,48.20347609,30,Unknown,2.8983278864999997,0,Male,7,No,Unknown,5JE8TNAGV7,0,
45,13.01841459,585.8286565,Premium,Electronic check,Yes,Both,Yes,TV,18.87614273,38.72010106,3,Sci-Fi,2.897255945,3,Female,6,Yes,Unknown,CLK7PITE3F,0,
30,18.12702759,543.8108278,Standard,Bank transfer,No,TV Shows,Yes,Mobile,35.84485834,18.23005414,11,Fantasy,2.8983278864999997,4,Female,6,Yes,Unknown,JR4I6N1XCD,1,
57,18.5036153,614.1966064,Premium,Unknown,No,TV Shows,No,TV,32.69247355,172.9676676,28,Action,3.613692419,1,Female,10,Yes,Unknown,IO4FXNJJFD,0,
16,17.1740621,274.7849937,Premium,Credit card,Yes,TV Shows,Yes,TV,18.71203546,56.68624726,46,Drama,4.208249376,7,Male,20,No,Unknown,W7D4241YI4,0,
69,5.465949657,377.1505263,Standard,Credit card,No,TV Shows,No,Tablet,8.798908459,124.6362479,47,Action,4.314321914,8,Male,12,Yes,No,JWFHX57IJ6,0,
28,11.98435727,335.5620035,Premium,Bank transfer,No,Both,Yes,TV,20.91576488,174.0637624,28,Action,3.105552498,6,Male,15,No,Unknown,TPC12VSFSX,0,
21,11.80666658,247.9399982,Standard,Bank transfer,No,Movies,No,TV,36.90556302,93.83525608,17,Comedy,1.067934054,7,Male,14,No,Unknown,219ELSD6DI,0,
41,15.97253545,654.8739535,Premium,Bank transfer,Yes,Both,No,Mobile,14.13261385,45.97727555,12,Fantasy,1.583806431,7,Male,5,Yes,Unknown,072JPNZPAZ,1,
29,18.86288896,614.1966064,Standard,Mailed check,No,Movies,Yes,Mobile,17.57301387,59.2168199,14,Comedy,2.8983278864999997,8,Male,24,No,Unknown,CBE8CTCQZO,1,
67,7.441111806,614.1966064,Standard,Credit card,No,Both,Yes,Unknown,18.95605347,69.9520051,19,Drama,2.8983278864999997,0,Female,5,Yes,Unknown,H9TN9RRK7N,0,
112,14.45340447,1618.7813,Premium,Unknown,No,TV Shows,No,Tablet,20.13744768,80.39597263,17,Comedy,3.457419652,5,Female,19,Yes,Unknown,SSWHV72ZR8,0,
88,8.586897768,755.6470036,Premium,Bank transfer,No,Both,No,Mobile,15.33932195,46.6697066,14,Action,3.030402641,2,Male,11,No,Unknown,SPMNYWXERK,0,
118,19.93254222,614.1966064,Basic,Electronic check,Yes,Movies,No,Mobile,26.21591705,138.2039602,33,Fantasy,2.8983278864999997,7,Female,15,Yes,Unknown,VU09UHO7V3,0,
100,12.70905319,614.1966064,Basic,Electronic check,Yes,Both,No,TV,9.058026205,26.73922614,26,Action,4.258952348,4,Male,5,Yes,Yes,Z3SM5F00BS,0,
13,10.76946294,140.0030182,Premium,Credit card,No,Both,No,TV,38.2128133,19.04901313,40,Comedy,4.140888619,7,Female,21,Yes,Unknown,XX2AGQSBWD,0,
82,9.730639206,797.9124149,Premium,Credit card,Yes,Movies,No,Tablet,37.2328848,64.95503667,2,Unknown,2.8983278864999997,7,Male,17,Yes,Unknown,HL9JPA7VIH,0,
54,12.16988764,937.048738,Standard,Unknown,No,Movies,Yes,Mobile,3.833111695,34.16054924,32,Sci-Fi,2.8983278864999997,4,Female,16,Yes,Unknown,CU32J581K7,0,
82,17.87414872,1465.680195,Premium,Electronic check,Yes,Movies,No,Mobile,10.35135103,85.73196882,31,Drama,2.8983278864999997,2,Male,24,Yes,Unknown,M3R94942XC,0,
105,16.78589186,614.1966064,Premium,Electronic check,No,TV Shows,No,Mobile,35.84515798,37.36712023,14,Comedy,2.8983278864999997,1,Female,22,No,Unknown,R97DTIXD35,1,
56,8.284462145,463.9298801,Standard,Credit card,No,TV Shows,Yes,Unknown,33.77546494,171.4835892,44,Fantasy,2.510612341,0,Male,3,No,Yes,GG33W54U0Y,0,
25,12.88690862,614.1966064,Premium,Electronic check,Yes,TV Shows,Yes,Mobile,11.69335995,168.5207866,21,Fantasy,3.408267804,5,Male,8,Yes,Unknown,DR9FL4MR0T,1,
77,17.14446929,614.1966064,Basic,Mailed check,No,TV Shows,No,Mobile,38.45887854,23.45485023,34,Sci-Fi,3.331316575,1,Female,4,No,No,YEANJUSLV3,1,
50,12.34750516,617.3752582,Standard,Credit card,Yes,Both,Yes,TV,7.295086236,156.5532069,6,Drama,4.293218779,0,Female,13,Yes,Unknown,EYLVDB5EN4,0,
42,12.16988764,723.9565905,Standard,Credit card,Yes,TV Shows,Yes,Mobile,3.235864078,122.5138397,2,Action,4.566516425,4,Female,24,No,Unknown,1W9TN1WH0B,0,
46,12.16988764,634.8416827,Basic,Unknown,No,Both,Yes,Computer,27.92550466,179.2017698,44,Fantasy,4.629650263,3,Male,20,Yes,Unknown,CRGSIW3CLV,0,
102,14.74739357,1504.234144,Basic,Mailed check,Yes,Both,No,Mobile,8.929873328,58.0987589,42,Comedy,2.769950511,6,Male,12,Yes,Unknown,6I8NWGDU2P,0,
30,8.943443947,268.3033184,Premium,Bank transfer,Yes,Both,No,Tablet,38.53750592,54.55556564,9,Action,3.271191997,1,Unknown,5,Yes,No,OW1RMEE8HM,0,
106,18.38862523,1949.194274,Unknown,Credit card,Yes,Both,No,Computer,28.03241279,54.87378311,36,Fantasy,2.8983278864999997,6,Male,21,No,Unknown,PHCP2XFUON,0,
51,9.950232251,507.4618448,Basic,Unknown,No,TV Shows,No,TV,35.4547342,41.51473251,24,Sci-Fi,2.8983278864999997,5,Male,16,No,Unknown,B1872RY7MO,0,
42,17.57430372,738.1207564,Unknown,Electronic check,No,TV Shows,No,Unknown,4.898315662,69.29014339,36,Drama,3.853043904,1,Male,8,No,Unknown,GGPMOQCQYO,0,
28,12.16988764,164.0012463,Premium,Electronic check,No,TV Shows,Yes,Computer,15.76332496,89.68849062,28,Drama,1.921756723,6,Female,7,No,Unknown,GAUOWDRE1L,0,
61,18.41882626,614.1966064,Basic,Bank transfer,No,Movies,No,TV,1.599205309,139.2065367,37,Unknown,3.978972982,7,Male,17,Yes,Unknown,RUESYFL42K,0,
55,15.32993936,843.1466648,Premium,Mailed check,No,Both,No,Mobile,36.87873499,50.83446234,3,Comedy,4.066172728,9,Male,13,No,Unknown,KQ0TIYK631,0,
70,16.8876885,1182.138195,Standard,Electronic check,Yes,TV Shows,No,Computer,3.849716048,171.6554254,20,Action,2.8983278864999997,8,Male,10,Yes,Unknown,ZT43LLTR4W,0,
100,14.17519258,1417.519258,Premium,Unknown,No,Movies,No,Mobile,26.91684701,151.5870429,0,Action,3.901491938,0,Male,6,Yes,Unknown,7VKO4UY0SD,0,
93,17.11512228,1591.706372,Unknown,Credit card,No,TV Shows,Yes,Computer,39.50827848,104.6722148,49,Fantasy,3.256217877,8,Male,7,No,Unknown,ULPI3HS6F4,0,
36,12.16988764,255.5704305,Standard,Unknown,Yes,Both,No,TV,1.794129444,79.54688455,14,Action,2.8983278864999997,6,Female,12,Yes,Unknown,858YZHCFEK,0,
48,12.16988764,586.7392556,Standard,Credit card,No,Movies,No,Mobile,27.22029205,84.50156818,41,Comedy,1.392533653,2,Female,7,No,Unknown,P13YS7C615,0,
9,16.01774779,144.1597301,Premium,Unknown,No,TV Shows,Yes,Computer,17.99304414,47.80430588,48,Drama,3.34744582,9,Female,12,No,Unknown,QCSKM3P8JD,0,
17,18.73090564,318.4253958,Standard,Electronic check,No,Movies,No,TV,39.43232903,124.4235106,20,Comedy,2.220775896,6,Male,17,No,Yes,T4JLWIQQL5,0,
39,16.51309811,644.0108265,Standard,Credit card,No,TV Shows,No,Computer,15.60163354,87.97712137,32,Action,4.207171676,7,Male,22,No,Yes,HL0P6CJ8FY,0,
8,19.53534094,156.2827275,Premium,Bank transfer,No,Movies,No,Unknown,7.60889035,128.0708123,40,Fantasy,4.003994863,1,Female,7,No,Unknown,F2M1PZ1BWL,0,
37,11.00793412,407.2935623,Premium,Mailed check,Yes,TV Shows,No,Mobile,16.09542569,170.0124213,13,Comedy,3.964321243,7,Male,6,No,Unknown,4N4TO6A3WY,0,
58,15.40873057,614.1966064,Basic,Credit card,Yes,Both,Yes,Tablet,32.53028709,19.79319131,22,Drama,1.300695352,5,Male,9,No,Unknown,84X0FU6UO7,0,
66,6.690906124,441.5998042,Basic,Credit card,No,Movies,No,Unknown,37.64288326,106.6677785,49,Comedy,2.542326595,8,Male,9,No,Unknown,UAIBXDY84R,0,
93,7.851137321,614.1966064,Standard,Unknown,No,Both,Yes,Computer,35.477098,15.96580172,33,Unknown,3.75722202,8,Female,0,No,No,3Q9JIF61JC,0,
78,12.16988764,552.77106,Basic,Credit card,Yes,Both,No,Tablet,39.57443994,72.58750384,9,Fantasy,2.8983278864999997,1,Male,10,No,Unknown,GC0LO4BFRQ,0,
102,19.36762317,1975.497563,Premium,Credit card,Yes,Both,No,Mobile,37.63745329,127.5671438,26,Sci-Fi,2.8983278864999997,5,Female,2,No,Unknown,N256J62BNX,0,
41,12.16988764,614.1966064,Premium,Unknown,Yes,TV Shows,No,Computer,25.30032457,60.61860158,27,Sci-Fi,2.8983278864999997,0,Female,0,Yes,Unknown,JTO0YRKRKG,0,
12,18.50490508,222.058861,Premium,Mailed check,Yes,Both,Yes,Unknown,28.71753444,66.90150351,45,Action,1.478934542,7,Male,22,Yes,Unknown,WX1L0ANKDJ,0,
107,12.16988764,1750.201559,Premium,Unknown,No,TV Shows,Yes,TV,17.18453634,96.7448636,34,Unknown,2.8983278864999997,0,Unknown,9,Yes,Unknown,EXHW66PX88,0,
45,12.16988764,656.1216955,Premium,Electronic check,No,TV Shows,Yes,TV,28.48820006,99.99946786,5,Action,2.8983278864999997,5,Female,8,No,Unknown,TGQRIG46C4,0,
52,15.56784806,809.5280993,Basic,Bank transfer,Yes,Both,No,Computer,7.507357378,74.06440985,27,Sci-Fi,1.234142302,1,Male,16,No,Unknown,I8JTRUZW40,0,
112,12.16988764,1574.707774,Standard,Mailed check,Yes,Movies,Yes,Mobile,14.34437986,27.16274364,6,Action,2.8983278864999997,7,Male,15,Yes,Unknown,JKHTU3M51L,0,
110,12.16988764,1985.926494,Standard,Bank transfer,No,Both,Yes,Computer,26.82887162,95.25580182,48,Comedy,2.880631937,6,Female,11,No,Unknown,EV17GLSSYW,0,
79,13.90698626,1098.651914,Premium,Bank transfer,Yes,Movies,No,TV,4.528785911,123.0799914,38,Action,2.8983278864999997,8,Male,18,Yes,Unknown,VFEUCECPWW,0,
107,12.16988764,1359.477913,Basic,Credit card,Yes,Movies,Yes,Computer,12.27517215,12.82433098,34,Unknown,4.4841663,4,Female,2,No,Unknown,W946AC85BZ,0,
3,18.47204009,55.41612028,Premium,Electronic check,Yes,TV Shows,Yes,Unknown,8.213384704,32.09844768,12,Sci-Fi,4.49044076,9,Male,3,Yes,Yes,WXV45LT3VI,1,
63,10.76693076,678.316638,Standard,Mailed check,Yes,Movies,No,TV,16.88417223,111.1116381,16,Fantasy,1.427181109,6,Female,16,No,Unknown,XLZZQZYQ7G,0,
44,16.82192032,614.1966064,Standard,Unknown,Yes,TV Shows,No,TV,37.87574995,46.97924273,31,Drama,1.647768365,1,Female,3,No,Unknown,2GT7QCMI2X,0,
43,15.87333635,682.553463,Basic,Credit card,Yes,Both,No,Mobile,17.10063398,108.4624229,13,Drama,1.837250485,9,Female,12,Yes,No,QRHDMVN5AI,1,
114,19.8065562,2257.947406,Standard,Electronic check,No,Both,Yes,TV,8.425359145,52.67133455,40,Comedy,2.8983278864999997,6,Male,5,No,Unknown,EZ8J70BYZ1,0,
32,9.05838977,289.8684726,Basic,Unknown,Yes,Movies,No,Mobile,39.28698869,174.8289977,49,Drama,4.359807381,0,Female,4,No,Yes,TDFQEY6W68,0,
45,16.05804534,722.6120403,Premium,Credit card,Yes,TV Shows,No,Mobile,10.04027026,85.85298845,25,Comedy,2.586132504,4,Female,3,Yes,No,CYZ4FB5F05,0,
115,10.59057735,614.1966064,Premium,Bank transfer,No,Movies,No,TV,21.21059474,112.6619678,38,Unknown,2.780415166,8,Female,0,Yes,No,7VOS3WL1AL,0,
96,12.40843211,1191.209483,Basic,Credit card,No,Movies,No,Computer,2.584518981,134.9070199,21,Action,2.685547295,8,Male,24,Yes,No,LV2SCYJHMS,0,
99,9.793680204,614.1966064,Standard,Unknown,Yes,TV Shows,No,TV,5.629901621,117.3290729,28,Sci-Fi,3.260701542,8,Male,20,No,Unknown,B5QW11B018,0,
95,12.16988764,614.1966064,Basic,Bank transfer,Yes,Movies,No,Mobile,12.48995396,101.8203549,23,Fantasy,3.867483444,6,Male,19,Yes,Unknown,TJV7BO0136,0,
60,17.20340013,1032.204008,Premium,Credit card,No,Movies,No,TV,28.67044921,29.17367352,18,Fantasy,2.864722867,6,Female,5,Yes,Unknown,Z0D25GG54V,0,
79,9.916439771,614.1966064,Premium,Bank transfer,No,TV Shows,Yes,Mobile,12.30102183,22.56785724,28,Action,3.536375894,9,Male,21,Yes,Unknown,YTQG35GRHD,0,
76,18.22874931,1385.384948,Premium,Unknown,No,Movies,Yes,Mobile,39.90665494,43.16488902,16,Unknown,3.232320313,6,Male,21,No,Unknown,SAUK1QUYC8,0,
71,11.50549198,816.8899307,Standard,Credit card,Yes,Movies,Yes,Mobile,21.83212123,75.78552274,21,Drama,1.676636331,5,Male,2,Yes,Yes,BDM9MK60WD,0,
116,15.80479541,1833.356268,Basic,Unknown,No,Movies,No,TV,6.698231083,145.7550773,26,Action,2.8983278864999997,7,Male,20,Yes,Unknown,CA2E7K8D48,0,
9,5.888884494,52.99996045,Premium,Unknown,Yes,Movies,No,TV,37.03879984,64.8398863,42,Drama,2.8983278864999997,6,Male,24,Yes,Yes,83HR5FUAIO,0,
11,18.42556522,202.6812174,Standard,Electronic check,No,Movies,No,Computer,29.12562208,17.17289031,37,Action,3.568941612,8,Male,17,Yes,Unknown,4Q11JWWSOA,1,
116,9.241553258,1072.020178,Basic,Credit card,No,Movies,Yes,TV,10.05572115,60.80627782,35,Comedy,4.975108725,5,Male,13,Yes,Unknown,CN4TFDDQ6J,0,
89,8.128143967,723.4048131,Unknown,Unknown,Yes,Both,No,Tablet,16.07744171,130.3266306,48,Drama,4.058655965,2,Male,6,No,Unknown,Y11JA4RDOE,0,
41,5.673256297,232.6035082,Premium,Bank transfer,No,TV Shows,Yes,TV,12.47614618,126.5515314,20,Fantasy,2.8983278864999997,5,Male,16,No,Unknown,KS1OG3JNYN,0,
51,10.88848824,555.3129,Premium,Unknown,No,Both,Yes,TV,30.87403088,50.44935572,38,Fantasy,1.261895846,1,Female,19,Yes,Unknown,OGYQEMT44Z,1,
109,10.52142964,1146.835831,Basic,Electronic check,Yes,Both,No,TV,19.09208549,105.0454534,16,Drama,3.152800236,1,Unknown,5,No,Unknown,DBH1U6MA20,0,
57,11.64878369,614.1966064,Premium,Credit card,No,Both,No,TV,34.38995528,124.3305176,8,Fantasy,2.010682307,8,Male,13,Yes,Unknown,UJ3FKH6C13,1,
93,12.16988764,1012.677686,Standard,Credit card,No,TV Shows,No,Tablet,3.696226151,115.0459571,46,Fantasy,2.276893434,1,Female,18,No,Unknown,JMQN67BIMY,0,
108,12.16988764,614.1966064,Premium,Unknown,No,Movies,No,Mobile,30.40992624,100.1579745,38,Sci-Fi,2.8983278864999997,6,Male,11,No,Unknown,R6ASORQIRB,0,
29,10.04158001,614.1966064,Standard,Credit card,No,TV Shows,No,Mobile,28.52004515,158.0553908,21,Fantasy,3.633536973,8,Male,14,No,Unknown,M5H1KWNAUC,0,
42,8.839327688,371.2517629,Premium,Electronic check,Yes,TV Shows,Yes,Mobile,29.46774702,132.8423754,29,Fantasy,4.754019563,9,Male,17,No,Unknown,JVD1KRVB4R,0,
19,19.53228815,371.1134749,Premium,Electronic check,Yes,Movies,Yes,Mobile,10.37412582,18.62951166,43,Fantasy,3.824875452,1,Male,18,Yes,No,6B5U1EXE68,1,
4,9.468435677,37.87374271,Premium,Bank transfer,No,Both,Yes,Unknown,6.835712056,148.8907593,49,Fantasy,2.232059756,4,Male,1,No,Unknown,R3AW7SZUHS,0,
88,9.995420834,614.1966064,Basic,Unknown,Yes,Both,No,TV,39.40359735,113.0416182,16,Unknown,2.201865106,5,Male,10,No,Unknown,Q51ZQ7N9KI,0,
76,7.802205441,592.9676135,Premium,Credit card,No,Movies,Yes,Unknown,36.67352107,31.34179198,40,Fantasy,3.730035915,2,Female,14,No,Unknown,2PJF89J47A,0,
48,11.10092719,532.8445052,Standard,Unknown,No,Both,Yes,Computer,34.83931114,31.70434416,35,Action,4.029494229,8,Female,5,Yes,No,QZTEHTNDM8,0,
1,12.16988764,16.86150549,Standard,Unknown,Yes,Movies,No,Mobile,37.38810781,135.1217111,21,Fantasy,4.561656092,1,Male,8,No,Unknown,FUFAHU0CWS,0,
67,12.16988764,1144.266563,Basic,Electronic check,Yes,Both,Yes,Unknown,28.10078587,5.523847445,43,Action,3.107053766,2,Male,18,No,Unknown,OO1YZVH187,0,
52,15.95222127,829.5155061,Basic,Electronic check,No,Both,No,Mobile,38.7949334,163.6183203,6,Drama,3.081655052,0,Female,15,Yes,Unknown,IV0N8RP456,0,
92,12.16988764,1115.044185,Basic,Mailed check,Yes,Movies,No,Computer,3.647883415,45.76462479,6,Drama,2.123008357,6,Male,15,No,Unknown,2S6L3J7USY,1,
13,7.570494017,98.41642222,Standard,Bank transfer,Yes,Both,Yes,Computer,7.401991712,116.3764457,37,Fantasy,2.612034657,4,Female,21,Yes,Unknown,F4MGEQABRA,0,
57,7.283573469,415.1636877,Premium,Credit card,Yes,Both,No,Computer,22.04199714,45.25899568,37,Sci-Fi,4.878279874,0,Male,7,No,Unknown,36TKK1A9XM,0,
12,13.54963425,162.595611,Premium,Electronic check,No,TV Shows,Yes,Mobile,25.41148763,46.10048671,40,Drama,2.8983278864999997,5,Male,0,Yes,Unknown,GPK9OAORP0,0,
23,13.6751842,314.5292366,Standard,Unknown,No,Both,Yes,Tablet,24.94336493,123.8005604,30,Sci-Fi,3.533659501,0,Male,24,No,Unknown,QEKERMMJ07,0,
57,10.57176813,602.5907835,Unknown,Bank transfer,No,Movies,No,TV,6.398580044,144.8191216,40,Sci-Fi,2.465140165,3,Female,24,No,Unknown,MGSZTK52BL,0,
42,12.16988764,371.7998631,Standard,Unknown,No,TV Shows,No,Computer,18.50122497,15.97113106,42,Action,2.169728104,6,Female,22,Yes,Unknown,004B8RP449,0,
67,12.03183395,614.1966064,Basic,Electronic check,No,TV Shows,Yes,Mobile,31.05201467,75.4505708,46,Fantasy,2.8983278864999997,2,Female,0,No,No,MKL4EPBML1,0,
87,17.72450455,1542.031896,Basic,Unknown,No,TV Shows,Yes,Computer,33.41889496,75.71120557,41,Drama,3.049559742,2,Female,3,Yes,No,ARV1S2HQ6T,0,
113,7.929160051,895.9950858,Basic,Unknown,No,Movies,Yes,Unknown,9.185209448,26.27500153,4,Unknown,4.143365367,9,Male,9,Yes,Unknown,AUMCDRSVRZ,0,
45,11.49057208,517.0757436,Basic,Bank transfer,Yes,TV Shows,No,TV,7.958089267,62.86138792,46,Unknown,4.325739483,6,Male,18,Yes,Unknown,33QCC94DU4,0,
81,5.2118517,422.1599877,Standard,Unknown,No,Both,No,Mobile,5.2924742,25.68002955,24,Comedy,2.916813851,6,Female,23,No,Unknown,5V8HQQ1ECK,0,
104,12.16988764,842.5147951,Unknown,Unknown,No,TV Shows,No,Mobile,24.08921245,16.47337847,10,Fantasy,2.8983278864999997,6,Male,10,Yes,Unknown,2UA9EKBZM0,0,
118,19.08891935,2252.492484,Standard,Credit card,No,Movies,No,Tablet,27.02274738,35.22104766,31,Action,4.923182358,4,Female,3,No,Unknown,FW9LTMVJ04,0,
32,13.82470948,614.1966064,Premium,Bank transfer,No,Both,No,Mobile,32.63661927,158.1236923,5,Action,4.322788962,6,Female,21,No,Yes,EYJJVKHIKS,0,
38,8.113105609,614.1966064,Basic,Unknown,Yes,Both,No,TV,36.40555668,139.5579463,19,Unknown,1.159107673,6,Female,24,No,Unknown,3FQXJHY81A,0,
66,10.07974608,665.2632414,Standard,Bank transfer,No,Movies,No,Computer,38.03272227,54.74303492,36,Action,2.572453837,2,Female,15,No,Unknown,7Q64IRH6YJ,0,
17,18.27481888,310.6719209,Unknown,Unknown,No,TV Shows,Yes,Computer,9.841826745,141.173501,9,Unknown,3.036053734,6,Male,2,No,Unknown,MMABKI2UBJ,1,
28,16.83699628,471.4358958,Standard,Unknown,Yes,Both,Yes,Unknown,9.07900949,132.5923733,13,Action,2.8983278864999997,6,Female,12,No,Unknown,351NBR30YF,1,
42,8.859180185,372.0855678,Standard,Credit card,Yes,TV Shows,No,Mobile,4.834535807,19.63008003,49,Fantasy,3.93188681,0,Female,0,Yes,No,E3BD6SLJ6I,0,
23,18.2269668,419.2202364,Premium,Mailed check,Yes,Both,No,Unknown,2.389358648,89.27104142,28,Action,4.841471752,3,Male,3,No,Unknown,OI9M304RG6,1,
53,14.33341802,759.6711552,Unknown,Unknown,No,Movies,No,Tablet,39.1156271,171.0613684,4,Fantasy,2.8983278864999997,4,Female,24,Yes,Unknown,TDAUN2M912,0,
114,12.16988764,1950.641552,Unknown,Credit card,No,TV Shows,No,Mobile,36.5042797,178.9738143,0,Unknown,4.814856548,1,Male,11,No,Unknown,GDITS6LT00,0,
18,12.16988764,257.6743039,Basic,Electronic check,Yes,Movies,Yes,Mobile,12.12762658,155.0557625,45,Comedy,4.699078623,2,Male,20,No,Unknown,E6YC908LYM,1,
4,7.221053554,28.88421421,Basic,Mailed check,No,TV Shows,No,Mobile,35.97089952,104.3685005,4,Drama,3.325391253,3,Female,17,No,Unknown,UMIVADTTU5,1,
17,7.477853227,127.1235049,Basic,Credit card,No,TV Shows,No,Unknown,10.48031911,79.07859956,21,Drama,2.8983278864999997,2,Unknown,6,Yes,Unknown,B2ABE9B1FV,0,
70,7.310248632,511.7174042,Premium,Electronic check,No,Both,Yes,Computer,24.76833859,82.45643441,4,Drama,1.938179673,7,Male,21,No,Yes,4WWNPKGVPQ,0,
54,12.16988764,502.4663014,Premium,Unknown,No,TV Shows,No,Mobile,37.34656826,125.6878847,45,Unknown,2.8983278864999997,3,Male,21,No,No,HLX07UI6YP,0,
66,17.74915168,1171.444011,Standard,Unknown,Yes,TV Shows,Yes,Computer,20.49569727,81.53988113,40,Fantasy,2.8983278864999997,3,Male,3,Yes,Unknown,4JN5D6JP1T,0,
39,14.70213071,573.3830978,Basic,Credit card,Yes,TV Shows,Yes,TV,27.36692892,74.95215133,23,Comedy,2.157412504,1,Male,16,No,Unknown,Z0R3UR81PR,1,
114,12.16988764,614.1966064,Basic,Electronic check,Yes,Both,Yes,Mobile,4.37727613,119.2101886,48,Drama,1.278423454,2,Male,22,Yes,Unknown,BL2SUNOQSK,0,
61,12.16988764,411.4949986,Basic,Bank transfer,Yes,Movies,No,Computer,29.35284048,83.82451397,17,Action,2.8983278864999997,1,Male,15,Yes,Unknown,18EPJAQJKC,0,
70,5.093756277,356.5629394,Basic,Unknown,Yes,Movies,No,Unknown,14.16769083,161.5493834,39,Action,3.527299405,8,Male,24,Yes,Yes,L30HY2WGQQ,0,
105,17.27627793,1814.009183,Premium,Bank transfer,No,TV Shows,Yes,Mobile,30.55563773,7.892382626,45,Drama,1.243885254,8,Female,18,Yes,No,OFE46ZBD5E,0,
32,5.245283552,167.8490737,Premium,Unknown,Yes,TV Shows,No,Computer,31.13896868,119.2922493,31,Drama,1.926590777,2,Unknown,15,No,Unknown,UODLJT2O3W,0,
22,12.16988764,187.5124724,Premium,Bank transfer,Yes,TV Shows,Yes,Computer,13.55351041,171.818924,33,Unknown,2.8983278864999997,6,Male,16,No,Unknown,X4T5L3ZT4Y,0,
19,12.16988764,614.1966064,Standard,Bank transfer,No,Both,No,Tablet,26.58313536,102.9933834,12,Unknown,1.199993704,3,Female,16,No,Yes,K40UHGHJUF,1,
6,12.16988764,51.19221794,Standard,Credit card,Yes,Movies,No,Mobile,18.08250506,60.62930003,43,Sci-Fi,3.340843186,3,Male,14,Yes,Unknown,05T3QGK1J2,0,
96,16.46477499,1580.618399,Premium,Bank transfer,No,Both,No,Mobile,16.19484726,140.5998815,26,Action,2.8983278864999997,4,Male,11,Yes,Unknown,LAAHWRYK4C,0,
42,8.035885098,337.5071741,Unknown,Credit card,Yes,TV Shows,No,Mobile,17.8185961,155.4250649,36,Action,4.070556162,4,Male,16,No,Yes,V6KBN10FVW,0,
74,5.961468955,441.1487026,Unknown,Credit card,Yes,TV Shows,No,Computer,21.08341889,14.42293899,12,Fantasy,1.971085324,1,Male,6,Yes,Unknown,2RRYQ07KET,1,
118,12.16988764,2238.692951,Premium,Unknown,No,Movies,Yes,Tablet,28.6199246,15.78152241,3,Sci-Fi,4.043254975,1,Male,0,No,Unknown,3MMW9PUSJH,0,
107,13.25439129,1418.219868,Standard,Electronic check,No,TV Shows,Yes,Computer,27.55488906,11.45916651,28,Drama,4.36230132,7,Male,9,Yes,Unknown,ZN8J3FMTFQ,0,
52,10.70413383,614.1966064,Premium,Electronic check,No,Both,No,Mobile,14.92511791,101.7898426,42,Comedy,4.777478781,9,Female,22,Yes,Unknown,Y1LFICRZB9,0,
52,12.16988764,650.5547157,Standard,Electronic check,No,Both,No,Mobile,32.80786751,127.4652908,26,Drama,2.8983278864999997,8,Male,0,No,Unknown,MOQOTWQRGQ,0,
94,12.16988764,614.1966064,Standard,Bank transfer,Yes,TV Shows,No,Tablet,38.346877,176.1220579,2,Fantasy,2.8983278864999997,5,Male,16,Yes,No,I47RROYNVD,0,
96,12.81274767,1230.023776,Premium,Bank transfer,No,Both,No,Mobile,31.5448332,21.32056825,12,Comedy,1.441265255,8,Male,20,No,Yes,KA2PBJ9FC9,0,
76,12.0968453,919.3602427,Basic,Unknown,Yes,Both,Yes,Mobile,37.29963114,49.96269781,47,Fantasy,1.724038213,8,Male,7,Yes,Unknown,DWQ2AA1JKB,0,
27,5.72747858,614.1966064,Basic,Credit card,No,Both,No,Mobile,34.44136334,124.1993861,10,Fantasy,2.8983278864999997,4,Male,22,No,Unknown,0JMBL8XPEL,0,
29,16.97223076,614.1966064,Premium,Mailed check,No,Both,Yes,TV,14.928366,23.86500577,21,Action,2.8983278864999997,9,Male,9,Yes,Unknown,IJKVWZPK95,0,
113,12.16988764,1693.145922,Standard,Credit card,Yes,Movies,Yes,Computer,21.04574156,118.324296,2,Drama,4.106452108,3,Male,13,No,Unknown,L8DGHTC96R,0,
67,12.16988764,594.812616,Standard,Bank transfer,Yes,Both,No,Computer,6.328515031,105.2225549,3,Comedy,4.717168874,2,Male,3,Yes,Unknown,VN73HNYTBZ,0,
110,5.268163547,579.4979902,Standard,Electronic check,No,Both,No,Mobile,33.97741031,104.4124262,26,Unknown,2.8983278864999997,2,Unknown,5,No,Unknown,QRF8NNPDUQ,0,
86,7.141821004,614.1966064,Basic,Bank transfer,Yes,Both,No,Mobile,6.534141535,67.77883847,23,Fantasy,2.094584108,4,Female,12,No,Unknown,CKH70MMPY0,1,
100,11.32289943,1132.289943,Premium,Unknown,Yes,TV Shows,Yes,Mobile,7.197982534,27.31429284,11,Fantasy,1.109702268,0,Female,17,Yes,Unknown,E9MSO5ZLWX,0,
105,6.331563342,614.1966064,Basic,Electronic check,No,Both,No,Computer,22.56774847,144.4672778,25,Fantasy,4.37153417,6,Female,1,Yes,Unknown,GNMVVKE9AD,0,
93,12.16988764,1041.12101,Basic,Bank transfer,Yes,Both,No,TV,12.74097759,15.42316635,7,Fantasy,4.662362293,7,Female,13,No,Unknown,LHORHJ5CMR,0,
34,18.84723164,614.1966064,Basic,Electronic check,Yes,Both,Yes,Computer,13.44663001,115.7121158,32,Comedy,2.277824734,9,Female,14,No,No,748CEDNQ7N,1,
44,6.433127717,283.0576195,Basic,Bank transfer,No,Movies,No,TV,29.82222519,81.30085496,8,Unknown,4.305341224,5,Male,11,No,No,JMQU91QOK5,0,
77,13.06892064,1006.306889,Basic,Electronic check,No,Both,No,TV,19.19755433,161.6478796,25,Drama,3.402316227,8,Male,4,No,No,YC0USCD8ZC,0,
24,9.829060997,235.8974639,Premium,Credit card,Yes,Both,No,Computer,8.656138883,69.79926106,33,Fantasy,3.632843724,2,Male,21,No,Unknown,ZUGZQS1D4O,0,
36,12.16988764,297.1737113,Standard,Credit card,Yes,TV Shows,No,TV,30.03757215,173.6301954,14,Drama,2.8983278864999997,8,Female,3,Yes,Unknown,W7M8QIONQ8,0,
97,7.161833419,614.1966064,Basic,Electronic check,No,Movies,No,TV,14.64299929,23.94928131,7,Drama,2.8983278864999997,2,Female,0,Yes,Unknown,WCPOUTNE4A,0,
46,6.995226175,321.780404,Basic,Bank transfer,No,Both,Yes,Tablet,23.03078451,150.2917735,2,Drama,4.84603919,5,Female,2,No,No,XSQECK6Y8Z,0,
2,13.72610312,27.45220625,Standard,Credit card,No,Both,Yes,TV,3.444698159,83.05725511,21,Action,1.779996321,0,Male,8,Yes,Unknown,4GR6A63IK9,1,
62,5.453016401,338.0870169,Standard,Bank transfer,No,Both,Yes,Unknown,37.01798002,124.5005202,41,Action,2.8983278864999997,0,Female,13,Yes,Yes,7I4V3PQSKY,0,
91,9.033717816,822.0683213,Basic,Electronic check,Yes,Both,No,Tablet,13.11924413,70.62844596,31,Comedy,4.31835644,0,Male,1,No,Unknown,ZW3M3GQL1C,0,
29,12.16988764,614.1966064,Basic,Credit card,No,TV Shows,No,Tablet,34.11979379,45.61042767,48,Drama,1.544908422,5,Female,12,No,Unknown,BLIMGHIRDU,0,
14,12.16988764,117.6384013,Basic,Bank transfer,No,Movies,No,Mobile,35.85937609,147.32431,9,Action,2.955573194,1,Female,20,No,Unknown,BQ83ULZAP2,1,
101,16.06717022,1622.784192,Premium,Mailed check,Yes,Movies,No,Computer,23.82543854,81.73629875,41,Action,4.082882904,4,Female,13,Yes,Unknown,4NSDCDH0NU,1,
19,11.95175884,227.0834179,Standard,Electronic check,Yes,Both,Yes,Computer,28.55760401,23.10879936,41,Drama,2.196891024,8,Male,2,Yes,Unknown,E0VIEOT4W2,1,
30,15.61681234,468.5043703,Basic,Bank transfer,Yes,Movies,Yes,Mobile,17.35978215,24.73936293,19,Action,1.257646218,7,Female,4,No,Unknown,ZOQ2A1G0KN,1,
50,5.63536092,281.768046,Basic,Unknown,No,Both,Yes,TV,20.9119038,177.2445632,10,Drama,1.99110265,0,Female,19,No,Unknown,D9ITUT7CDE,0,
7,11.88845808,83.21920655,Premium,Electronic check,Yes,Movies,Yes,TV,39.69637605,41.5749635,42,Drama,4.933191376,1,Female,10,No,Unknown,I83BWHNJ7H,1,
80,19.8406523,1587.252184,Basic,Unknown,No,TV Shows,Yes,Mobile,33.54978087,128.2132062,3,Drama,4.738726655,0,Female,13,Yes,Unknown,41SCZRK5G8,0,
15,9.313654825,614.1966064,Standard,Unknown,Yes,Both,No,Computer,16.96588316,11.87442835,17,Fantasy,2.466986385,1,Female,20,Yes,Unknown,OP9E6UTDRH,0,
23,5.210044251,614.1966064,Premium,Bank transfer,No,Movies,No,Mobile,1.862293548,30.85704993,17,Sci-Fi,2.8983278864999997,1,Female,5,No,Unknown,6LNGPCGU6U,0,
24,12.16988764,353.10287,Premium,Credit card,Yes,Both,Yes,Mobile,13.47108966,89.87824134,30,Sci-Fi,2.8983278864999997,8,Male,21,No,Unknown,R6HJPBHQXL,1,
44,12.16988764,409.2112046,Basic,Unknown,No,TV Shows,Yes,Mobile,15.1445617,112.4866864,37,Drama,3.415048629,8,Unknown,23,Yes,Unknown,H6G7CLPEOV,0,
46,5.677559543,261.167739,Standard,Credit card,No,TV Shows,Yes,Mobile,25.11555358,123.8171731,4,Drama,2.474347944,3,Female,15,Yes,Unknown,EC0MXXWC5U,0,
3,14.83427365,614.1966064,Unknown,Unknown,No,TV Shows,Yes,Mobile,6.63945005,68.68796196,10,Unknown,4.729303272,5,Male,23,Yes,No,LO3HH3LSBR,1,
65,13.66361977,888.1352853,Basic,Credit card,Yes,Both,Yes,TV,16.5990651,49.32265115,33,Unknown,2.8983278864999997,0,Male,24,No,Unknown,FZQBYD4YXB,0,
54,18.22302001,984.0430807,Premium,Mailed check,Yes,Both,No,Computer,13.17837694,35.91821869,35,Unknown,2.8983278864999997,3,Male,9,No,Unknown,85KCPLQOUV,0,
25,8.60540185,215.1350463,Standard,Electronic check,No,Both,Yes,Mobile,38.39894535,108.5560311,6,Fantasy,1.479944249,4,Female,18,Yes,Unknown,2I05Y9K6A3,0,
36,14.72769961,530.1971861,Standard,Electronic check,Yes,Both,Yes,Computer,30.98054344,5.984044655,0,Comedy,3.82654286,5,Female,18,No,Unknown,1XT4I40S5F,0,
68,11.55629316,785.8279347,Standard,Bank transfer,No,Movies,No,TV,4.46182079,16.54638125,45,Comedy,1.083890951,1,Male,0,No,No,DEAE3UQSNM,0,
50,7.965923442,398.2961721,Standard,Credit card,Yes,TV Shows,No,Tablet,16.41787589,27.15023233,7,Sci-Fi,2.8983278864999997,1,Male,7,Yes,No,ZI10E6KUI1,0,
7,9.109115972,63.7638118,Unknown,Mailed check,No,Movies,No,Mobile,37.2799103,33.82078739,13,Drama,2.8983278864999997,9,Female,19,No,No,0J65J8ZEYZ,1,
15,12.16988764,254.2572672,Unknown,Electronic check,Yes,Both,Yes,Unknown,26.6250865,149.7090596,49,Unknown,2.8983278864999997,0,Female,0,No,Unknown,SYPKHFAYL0,0,
66,7.030999303,464.045954,Basic,Electronic check,Yes,Both,No,Computer,30.37445773,155.8425246,16,Drama,3.896168891,8,Male,24,No,Unknown,NOIU6GTPEJ,0,
105,10.42842593,1094.984723,Standard,Credit card,Yes,Both,Yes,Mobile,10.88658542,64.17687101,38,Unknown,2.8983278864999997,0,Male,10,Yes,Unknown,97XB60EECA,0,
58,16.44889923,954.0361554,Basic,Electronic check,No,Movies,No,Mobile,26.01112563,169.181448,21,Unknown,2.8983278864999997,4,Female,19,No,Unknown,XSLFJ6PWQ1,0,
48,18.47357867,614.1966064,Premium,Bank transfer,No,Both,Yes,Computer,30.91928071,63.69479867,18,Comedy,2.842934039,7,Male,11,No,Unknown,DIZF4DENF3,0,
93,5.3779428,614.1966064,Standard,Credit card,No,TV Shows,Yes,Mobile,23.37143595,87.19233723,30,Drama,2.369973981,3,Female,21,Yes,Unknown,O5ZDT1DQHE,0,
55,12.16988764,883.3400745,Premium,Credit card,No,Both,Yes,Computer,16.73558183,148.8178718,4,Comedy,1.632523867,0,Male,23,No,Unknown,KN91KJOZ0V,0,
38,13.64448556,518.4904512,Basic,Electronic check,Yes,TV Shows,No,TV,34.57902961,149.4852603,19,Action,1.382099858,2,Male,15,Yes,Unknown,9DJA7UWNRY,0,
4,10.16716884,40.66867534,Standard,Unknown,No,Movies,Yes,Computer,14.09164959,116.5504544,22,Unknown,1.299136486,9,Female,9,No,Unknown,JE3IYF0T9U,1,
59,11.1918736,614.1966064,Basic,Credit card,Yes,TV Shows,Yes,Mobile,28.41371165,25.28466497,0,Action,1.288827922,7,Male,0,Yes,Unknown,OIAQL2QYGG,0,
20,12.16988764,261.0681826,Basic,Electronic check,No,Movies,No,Mobile,37.0851321,90.16264355,13,Drama,1.532511707,9,Female,15,No,No,IQGDVUTH1A,1,
18,16.45057087,614.1966064,Standard,Electronic check,No,Movies,Yes,Tablet,21.81192556,57.01637408,22,Comedy,1.971336431,0,Male,20,No,Unknown,I207TUG0KM,1,
33,12.1071084,399.5345773,Premium,Credit card,Yes,Both,No,Mobile,1.801877218,60.34200019,43,Comedy,2.8983278864999997,3,Male,7,No,Unknown,ZH7FHVU54K,0,
34,11.89346407,614.1966064,Premium,Unknown,Yes,Both,Yes,TV,39.46544117,80.12178024,26,Drama,3.648498761,1,Female,22,No,Unknown,XULHYILD5D,0,
61,6.026472049,367.614795,Standard,Mailed check,No,Both,Yes,Tablet,12.41215996,6.256717043,25,Drama,4.606434219,0,Male,22,No,Unknown,RYUI179Y8A,1,
63,7.236672562,614.1966064,Standard,Bank transfer,No,Movies,No,TV,38.70384605,106.2973916,25,Fantasy,3.244464488,2,Male,4,Yes,Unknown,1HUFJE30MP,0,
81,12.16988764,1574.491825,Basic,Electronic check,No,Movies,Yes,TV,15.88380605,88.27430865,42,Sci-Fi,2.8983278864999997,7,Male,21,Yes,Unknown,865JXFL5DT,0,
46,17.97246665,826.7334659,Standard,Unknown,Yes,TV Shows,Yes,Unknown,6.576595649,169.3721368,6,Fantasy,2.8983278864999997,1,Female,13,No,Unknown,BBPD8PXDS8,1,
68,15.0211243,1021.436452,Basic,Bank transfer,No,TV Shows,Yes,Mobile,10.38991135,140.0194806,44,Fantasy,2.85097359,6,Male,1,No,Unknown,EEJPB6NUKT,0,
57,12.16988764,906.0222495,Premium,Unknown,No,Movies,Yes,Mobile,3.90523063,149.6715282,3,Action,2.8983278864999997,7,Male,18,No,Unknown,PJ4M8Y1SLF,1,
49,9.497391159,465.3721668,Premium,Electronic check,Yes,Movies,No,TV,10.43869779,28.35232518,11,Unknown,2.8983278864999997,3,Male,3,No,No,6JHZUUNS6F,0,
28,12.16988764,280.4714439,Standard,Unknown,Yes,Both,No,Unknown,13.31839175,176.483021,38,Comedy,1.056070179,8,Female,15,No,Unknown,ZG6GHKKJTJ,0,
12,10.26702412,123.2042894,Standard,Credit card,Yes,TV Shows,No,Tablet,34.97406962,118.8268149,34,Comedy,3.215743924,6,Female,14,Yes,Unknown,A38BXLZFG5,0,
52,9.569251925,497.6011001,Basic,Credit card,Yes,Movies,No,TV,39.18120702,139.8074865,2,Action,2.8983278864999997,7,Male,10,No,Unknown,FCYV0RMGGH,1,
89,7.897942622,702.9168934,Premium,Credit card,No,Movies,No,Mobile,15.2905103,61.29016703,34,Drama,4.906644057,1,Male,14,Yes,Unknown,S8RUGU2TT1,0,
112,12.16988764,644.8843863,Premium,Credit card,Yes,TV Shows,No,Mobile,35.17847037,154.9456348,29,Fantasy,3.564803174,4,Male,9,Yes,Unknown,0OVVE3JH82,0,
24,8.971977427,215.3274583,Standard,Bank transfer,No,Both,Yes,Unknown,27.15127132,115.8096414,45,Comedy,2.0861261,5,Female,18,No,Unknown,S0J6M26YM2,1,
62,6.717571577,416.4894378,Basic,Electronic check,No,TV Shows,No,Mobile,34.50849162,49.69161654,29,Comedy,1.97892,0,Male,15,Yes,Unknown,D4GNA7HN2B,0,
53,13.79696812,731.2393105,Basic,Credit card,Yes,Movies,Yes,Computer,7.058034025,141.8680494,0,Action,3.446368201,7,Female,19,No,Yes,QVY17DN8TB,1,
56,8.580161796,480.4890606,Premium,Bank transfer,Yes,TV Shows,No,Tablet,12.45532828,143.2352481,47,Fantasy,2.9410566,0,Female,15,Yes,Unknown,7YF1W86QVW,0,
19,11.08696917,210.6524142,Basic,Credit card,No,Movies,Yes,Mobile,29.3585767,150.8656958,37,Drama,4.914579697,6,Female,17,No,Yes,IAQACNDJPZ,0,
37,12.16988764,242.1272405,Standard,Unknown,No,TV Shows,No,Unknown,13.59201577,118.5294576,36,Comedy,3.697933234,7,Male,13,Yes,Unknown,0CKYTVMYNQ,0,
87,6.929137223,614.1966064,Premium,Unknown,No,TV Shows,No,Computer,36.01758568,71.85091855,15,Unknown,3.651230297,2,Female,1,No,Unknown,8ZUO60XHXV,0,
17,15.24616793,259.1848548,Standard,Bank transfer,No,TV Shows,Yes,TV,21.78633709,138.0578678,10,Drama,2.8983278864999997,8,Female,24,No,Unknown,BZ29XV8U8A,1,
100,6.194768385,619.4768385,Premium,Unknown,Yes,Movies,No,Tablet,3.972337568,116.668885,4,Comedy,4.264009811,4,Female,7,No,Unknown,2XDH7GJX5Y,0,
32,13.41331293,429.2260136,Basic,Credit card,No,Movies,No,Tablet,37.99129321,102.1749648,30,Unknown,2.8983278864999997,0,Male,8,No,Unknown,0SXOQHY16F,0,
57,15.1256709,862.1632411,Basic,Unknown,No,Movies,Yes,TV,39.54710991,60.16048767,20,Action,4.094697537,1,Male,20,No,Unknown,NIY2GMF2P7,0,
83,19.17091735,1591.18614,Premium,Bank transfer,Yes,Both,No,Mobile,3.353955575,172.5859662,33,Drama,2.902564019,1,Male,2,No,No,4KUAPZIXXX,0,
58,6.088395538,353.1269412,Premium,Bank transfer,No,TV Shows,Yes,Mobile,37.95716884,56.83014126,9,Action,2.8983278864999997,9,Male,1,No,Unknown,63TXUMGZEY,0,
1,16.61385981,16.61385981,Standard,Credit card,No,Both,Yes,Unknown,16.44869181,148.5636259,37,Fantasy,3.244082149,8,Male,11,Yes,Unknown,X4VY6I3PJW,0,
25,12.16988764,388.1327478,Premium,Unknown,Yes,TV Shows,No,Computer,26.45487804,94.07991607,15,Comedy,2.485854643,7,Female,8,Yes,Unknown,XZHYYTYKZP,0,
63,17.16045672,1081.108773,Premium,Bank transfer,Yes,Both,No,Mobile,17.32477229,11.01690814,21,Comedy,2.8983278864999997,6,Male,19,Yes,Unknown,YOJ1ZQ1BS9,1,
83,10.63371922,882.5986955,Basic,Electronic check,Yes,Movies,Yes,Mobile,38.8955041,12.675428,38,Sci-Fi,1.173760151,8,Female,4,No,Unknown,UXKA9SI1VK,0,
42,16.85179527,707.7754015,Premium,Unknown,No,Both,Yes,Mobile,19.7208528,20.68426933,34,Comedy,2.445642301,9,Female,6,No,Unknown,NM9A07YL8T,0,
84,9.654113277,614.1966064,Premium,Mailed check,No,Both,Yes,Mobile,23.20115274,179.5268809,38,Drama,1.539903595,1,Male,9,No,Unknown,YPDDAT472X,0,
81,5.782260772,468.3631225,Unknown,Electronic check,Yes,Movies,No,Computer,15.94403058,142.0982186,35,Fantasy,2.8983278864999997,9,Female,16,Yes,Unknown,RG5BT59TSQ,0,
7,12.16988764,614.1966064,Premium,Credit card,Yes,Movies,Yes,Mobile,25.70685392,150.1051136,11,Action,2.8983278864999997,5,Male,8,Yes,Unknown,HXI1T926HT,1,
76,19.17129514,614.1966064,Premium,Credit card,No,TV Shows,Yes,Computer,30.36969334,49.92835109,48,Sci-Fi,2.8983278864999997,9,Unknown,8,No,Unknown,3QHH5N0SMX,0,
76,15.6132916,1186.610162,Premium,Credit card,Yes,Movies,Yes,Mobile,26.37070097,119.6022601,0,Comedy,2.8983278864999997,1,Male,20,No,Unknown,BWEJAOVD4N,0,
83,15.32044493,1271.596929,Standard,Electronic check,Yes,TV Shows,No,TV,34.78834087,142.8143624,46,Drama,1.736183984,5,Male,11,Yes,Unknown,GEO4S6LW6F,0,
11,12.16988764,110.002048,Basic,Electronic check,No,Movies,Yes,Tablet,35.42125838,64.04792105,44,Drama,4.82218342,0,Male,15,No,Unknown,HVTKQVJ35Q,0,
13,12.16988764,164.0522769,Premium,Mailed check,Yes,Both,No,Computer,8.629323127,59.04471983,20,Action,2.8983278864999997,5,Male,17,No,Unknown,9RIM5KZOFR,1,
37,7.805623637,288.8080746,Premium,Credit card,Yes,Movies,Yes,Computer,38.25713587,68.52547867,33,Sci-Fi,3.693959238,4,Male,5,No,No,4CSAWHBVYB,0,
50,12.26393773,613.1968865,Basic,Bank transfer,No,TV Shows,No,Mobile,20.95683358,170.7301806,31,Sci-Fi,3.387986633,8,Male,19,No,Unknown,3VN4IEGRX0,0,
87,15.29329978,614.1966064,Standard,Credit card,Yes,Both,Yes,Tablet,7.275417592,137.8919222,28,Fantasy,2.8983278864999997,1,Male,6,Yes,No,RMKH4RCEPH,0,
81,8.724399302,706.6763435,Standard,Bank transfer,Yes,Both,Yes,Computer,16.74252364,166.5515993,18,Comedy,2.512834008,3,Male,3,Yes,No,ZGNFT5DE2U,0,
66,7.346079667,614.1966064,Premium,Electronic check,Yes,Both,No,TV,1.384763605,45.23876125,18,Fantasy,3.52987554,6,Male,23,No,Unknown,8JFG46P4DI,0,
74,9.437810768,698.3979968,Basic,Unknown,No,Movies,Yes,Mobile,36.33665996,129.2800377,41,Drama,4.340517141,4,Female,22,No,No,H8L9N4QB09,0,
9,12.16988764,72.13450125,Premium,Bank transfer,No,Both,Yes,Unknown,24.82980172,55.90993511,28,Fantasy,2.8983278864999997,6,Female,5,No,Unknown,NE99BERPWD,0,
112,9.044336342,1012.96567,Premium,Electronic check,Yes,TV Shows,Yes,TV,23.69900968,40.49065451,8,Fantasy,4.163234844,5,Male,22,No,Unknown,RGV4ARCAM9,0,
114,18.58929548,2119.179685,Unknown,Credit card,Yes,Movies,Yes,TV,29.58942481,20.46809872,9,Unknown,4.52223532,0,Male,19,No,Unknown,LSSD4A6071,1,
23,12.16988764,337.5146361,Standard,Unknown,No,TV Shows,No,Mobile,3.588464039,57.93491247,6,Unknown,2.13735721,0,Male,5,No,Unknown,2LHSYTBGDY,1,
48,8.518988576,408.9114517,Premium,Bank transfer,No,Both,Yes,Mobile,4.815180227,92.51790195,2,Fantasy,2.8983278864999997,6,Female,12,Yes,Unknown,75DWZ5BMES,0,
62,12.80463684,793.8874842,Basic,Unknown,Yes,TV Shows,No,Computer,9.222916465,102.021465,49,Comedy,2.8983278864999997,2,Female,7,Yes,Unknown,7X1A8MVC6H,0,
40,8.100566016,324.0226406,Standard,Unknown,No,Movies,No,TV,31.52974138,134.3790219,10,Drama,4.203781315,3,Male,19,No,Unknown,HDSVVRSVYW,0,
48,9.795775591,470.1972284,Premium,Credit card,No,Both,No,TV,26.29760451,60.52367195,15,Fantasy,2.8983278864999997,9,Female,4,No,Unknown,SGVK4BY90U,0,
13,8.169878525,106.2084208,Premium,Electronic check,No,TV Shows,No,Unknown,19.80756958,105.1907834,21,Fantasy,2.8983278864999997,8,Female,24,Yes,Unknown,M17O68X6HV,1,
119,18.66030267,614.1966064,Basic,Credit card,Yes,Both,No,Computer,29.04028429,122.8865332,2,Unknown,2.8983278864999997,7,Female,17,No,Unknown,MJ3AWUQ1RP,0,
97,14.4686361,1403.457702,Basic,Bank transfer,No,Movies,No,Computer,26.2583255,91.71153922,21,Unknown,2.8983278864999997,4,Male,0,No,Unknown,47B8J9R7IW,0,
87,15.72051484,1367.684791,Basic,Mailed check,Yes,Movies,Yes,Computer,5.902412009,117.0187667,4,Drama,2.8983278864999997,5,Male,19,No,Unknown,YNYX6I7JGL,1,
38,19.46858547,739.8062479,Standard,Credit card,Yes,Movies,Yes,Mobile,37.42698586,37.30671703,27,Drama,1.478607518,5,Female,20,No,Unknown,VIS42YVY6T,0,
35,6.119447025,214.1806459,Basic,Bank transfer,No,Movies,No,Computer,34.5837263,52.43416684,2,Unknown,4.205976132,5,Male,16,No,Yes,UWQPVJKEHL,0,
49,12.16988764,530.1900077,Standard,Bank transfer,Yes,TV Shows,Yes,Mobile,10.82104263,139.084111,13,Drama,2.495188438,5,Male,12,No,Unknown,5YHNJW24TR,0,
118,12.16988764,1097.076222,Basic,Unknown,No,Movies,No,Mobile,3.543158129,137.7138681,9,Sci-Fi,1.311135422,1,Female,18,Yes,Unknown,7CP0C29330,0,
43,12.16988764,614.1966064,Premium,Unknown,Yes,TV Shows,Yes,Mobile,37.04145632,176.5208293,30,Fantasy,2.8983278864999997,3,Female,7,No,Unknown,CYIQEL1OMR,0,
8,16.34631217,130.7704973,Basic,Bank transfer,Yes,Movies,Yes,Mobile,30.83618839,153.8696999,41,Fantasy,2.403152982,8,Unknown,16,No,Yes,P1D45PO9WM,0,
79,12.33224302,974.2471988,Premium,Bank transfer,Yes,Movies,Yes,Unknown,19.54233537,29.00167667,19,Fantasy,2.751334669,2,Male,7,Yes,Unknown,S7SVBZFBRZ,0,
48,10.11610024,485.5728118,Premium,Bank transfer,Yes,Movies,No,Computer,29.35593079,149.6902675,0,Comedy,1.719036866,3,Female,24,No,Unknown,FLL7Y9S2WJ,0,
41,7.697484339,315.5968579,Standard,Credit card,No,TV Shows,No,Mobile,29.91372756,111.5136203,20,Comedy,1.123391489,1,Male,11,No,Unknown,DZIRRTHROA,0,
16,9.660231771,154.5637083,Basic,Credit card,No,Both,Yes,TV,30.65460864,44.03952849,30,Action,1.622352013,3,Female,18,No,Unknown,LZ690EDPGX,0,
75,7.010977173,525.823288,Premium,Unknown,Yes,TV Shows,Yes,TV,18.17241879,176.924859,34,Fantasy,1.189936466,6,Female,2,Yes,Unknown,MH47C6FKX9,0,
52,12.16988764,922.9265227,Standard,Credit card,No,Movies,No,Computer,31.10239528,163.3902683,22,Unknown,1.931046192,4,Male,21,Yes,Unknown,XEYW0RSU34,0,
75,19.34082521,1450.561891,Unknown,Unknown,No,Both,No,Mobile,18.30524858,86.92934546,1,Action,1.747557031,4,Male,20,Yes,Unknown,FDFB7L32VR,0,
97,11.45339739,1110.979546,Standard,Credit card,Yes,TV Shows,No,Computer,26.98387709,8.468288036,22,Fantasy,2.8983278864999997,4,Male,0,Yes,Unknown,F9S9WFH5VF,0,
74,7.602144072,562.5586613,Standard,Electronic check,No,Movies,No,Computer,18.88887531,23.23855606,7,Comedy,4.419169212,3,Male,17,No,Unknown,5N0YEXAGRQ,1,
76,11.42848138,868.564585,Basic,Credit card,No,TV Shows,No,TV,19.60418662,23.83822758,40,Comedy,2.43154635,0,Female,20,Yes,Unknown,LXQVWUD3LF,0,
35,17.37582088,614.1966064,Basic,Bank transfer,Yes,TV Shows,Yes,TV,13.77564009,41.63971471,34,Comedy,2.8983278864999997,0,Unknown,1,No,Unknown,T7RDNUG3BH,1,
80,9.742106349,779.3685079,Unknown,Electronic check,Yes,Both,No,Tablet,27.73426287,90.71028208,0,Comedy,1.064681287,9,Male,20,Yes,Unknown,FZ0A1PAIWB,0,
10,12.17445033,614.1966064,Standard,Credit card,No,Movies,No,Tablet,23.01872668,87.81017261,42,Unknown,2.108995863,6,Male,3,Yes,Unknown,FWL8RM0VAN,0,
119,17.39453705,2069.949909,Basic,Credit card,Yes,TV Shows,Yes,Mobile,15.74458398,100.7126278,23,Unknown,2.8983278864999997,4,Female,5,Yes,Unknown,F2T25IOWN0,0,
67,16.40941873,1099.431055,Standard,Electronic check,No,Movies,Yes,TV,33.84146638,145.7901898,36,Fantasy,2.8983278864999997,8,Male,18,No,Unknown,8PZ2CV0IEC,0,
98,8.761199058,858.5975077,Basic,Electronic check,No,Both,Yes,TV,20.61669715,108.3573655,40,Action,3.664583985,5,Female,14,Yes,Unknown,KI95GUWDMD,0,
38,12.16988764,237.0700586,Premium,Electronic check,Yes,Movies,Yes,Computer,33.4734799,171.7561478,9,Action,1.038743371,1,Female,16,No,Unknown,3XFQPTDDK3,0,
41,12.50640813,512.7627333,Premium,Electronic check,Yes,Movies,Yes,Tablet,28.65935741,95.74651494,1,Comedy,1.765370224,7,Female,20,No,Unknown,HJKEU4KFV9,0,
26,16.91875803,439.8877089,Basic,Bank transfer,Yes,TV Shows,No,Unknown,1.764526215,132.6349879,21,Sci-Fi,2.8983278864999997,0,Female,19,No,Unknown,49523UVBSE,0,
46,12.16988764,833.3097308,Premium,Credit card,Yes,Both,Yes,Computer,30.07058749,18.80039515,19,Drama,3.023645795,6,Female,22,No,Unknown,JFZL1GHYRD,0,
75,12.16988764,989.5871352,Standard,Credit card,No,Movies,No,TV,3.230097666,48.44261998,16,Action,1.878938284,0,Male,7,Yes,Unknown,HCMFSYUOF0,0,
3,12.16988764,48.12767805,Basic,Electronic check,No,Movies,No,TV,12.03992128,30.18588171,20,Sci-Fi,2.8983278864999997,2,Male,8,No,Unknown,9NQ6JK6L7Z,1,
110,14.2999433,1572.993763,Basic,Unknown,Yes,Movies,Yes,Computer,12.23281382,58.66994725,42,Action,2.517873525,1,Male,1,No,Unknown,VDO5F10MTI,0,
94,12.16988764,614.1966064,Standard,Credit card,Yes,TV Shows,No,Computer,8.348884402,154.7860867,8,Drama,1.271622649,1,Male,7,Yes,Unknown,LCDZUAYJBH,0,
32,12.16988764,611.5766994,Standard,Unknown,No,Both,Yes,Mobile,2.086650115,149.2967142,23,Drama,4.686438656,8,Male,14,Yes,Unknown,EXYKI1E5YL,1,
85,19.62953508,1668.510482,Standard,Credit card,No,Movies,No,TV,36.09426299,17.75626825,8,Action,3.190213779,7,Male,16,No,Unknown,XQ4HVSCDCM,0,
53,6.237270199,330.5753205,Standard,Credit card,No,TV Shows,Yes,Mobile,39.56108131,97.59768764,28,Unknown,1.526079061,7,Female,2,No,Unknown,MPDP87MUC2,0,
57,16.5728258,944.6510709,Basic,Unknown,Yes,Movies,Yes,TV,14.92925656,18.10430531,45,Unknown,3.750898994,0,Female,9,Yes,Unknown,2EBQYCPE00,1,
115,9.447208794,1086.429011,Premium,Credit card,No,Movies,Yes,Mobile,18.43126351,94.85466116,2,Action,3.805920544,8,Male,0,Yes,Unknown,RYPMZ9E3ZE,0,
94,17.41557855,614.1966064,Basic,Bank transfer,No,TV Shows,No,TV,35.42080437,93.43480488,1,Drama,1.923668247,5,Male,8,No,Unknown,18LPIZE84V,0,
72,12.16988764,614.1966064,Premium,Credit card,Yes,TV Shows,No,Unknown,16.53400604,170.551286,46,Action,4.102859628,8,Female,21,No,Unknown,WAQ2VJ671K,0,
6,12.16988764,96.15158396,Basic,Bank transfer,No,Movies,No,TV,13.29197371,165.196352,14,Fantasy,2.525241318,0,Male,21,Yes,Unknown,TIR2CTPX3Y,1,
49,11.73719352,575.1224825,Premium,Electronic check,No,Both,No,TV,4.811803323,170.0401354,8,Comedy,1.386561217,5,Male,6,No,Unknown,LJ7YIOIQ8O,0,
99,18.24178013,1805.936233,Basic,Mailed check,No,Both,Yes,Computer,37.83660272,136.5297327,48,Sci-Fi,4.405347611,8,Female,22,No,Unknown,DRY65HJYJF,1,
98,18.17248954,1780.903975,Premium,Unknown,No,Both,Yes,Mobile,3.861126172,25.08312624,14,Comedy,2.840515412,5,Female,16,Yes,Unknown,61TEGKN0JT,1,
93,11.59162678,1078.02129,Premium,Electronic check,No,TV Shows,Yes,TV,36.81627997,138.4928832,32,Unknown,2.296028844,9,Female,13,No,Unknown,GB5C599BHX,0,
22,15.04729401,331.0404683,Standard,Bank transfer,No,TV Shows,No,TV,35.3461494,61.91252613,46,Fantasy,2.8983278864999997,2,Male,24,No,Unknown,GAD9QENDJP,0,
27,10.41971332,614.1966064,Premium,Credit card,No,TV Shows,No,Tablet,3.253349021,107.3553723,4,Drama,4.266121818,3,Male,11,No,Unknown,0H6SW4L2JT,0,
116,12.16988764,974.2734611,Basic,Unknown,No,TV Shows,No,TV,38.11322833,13.66051239,6,Action,4.184350843,2,Unknown,1,Yes,Unknown,3XASVI6VZU,0,
95,12.16988764,904.3374189,Basic,Bank transfer,Yes,Movies,No,TV,1.713826244,6.328304123,16,Sci-Fi,2.8983278864999997,7,Female,22,Yes,Unknown,7N458Q2VJ9,1,
6,19.31334849,115.8800909,Premium,Credit card,Yes,TV Shows,Yes,Mobile,10.73565879,22.02913921,28,Drama,1.731329097,9,Male,10,No,No,B47D7ZRN5Q,1,
42,12.16988764,294.6045545,Basic,Electronic check,Yes,Both,Yes,Computer,6.857164477,144.2010517,36,Unknown,3.724597747,7,Male,5,No,Unknown,SDSYBRHCRS,0,
57,10.7000713,609.9040641,Premium,Bank transfer,No,Movies,No,Computer,25.69071783,106.6754715,32,Fantasy,2.8983278864999997,4,Male,21,Yes,No,FXL8RXA1N7,0,
108,12.16988764,614.1966064,Standard,Credit card,Yes,Both,Yes,Mobile,23.57032539,112.2909839,3,Comedy,2.8983278864999997,7,Male,16,No,Unknown,20FYG5204L,0,
97,9.275469161,899.7205086,Premium,Credit card,Yes,Movies,No,Tablet,14.35152717,127.3783999,2,Sci-Fi,1.848712486,9,Female,13,Yes,Unknown,XQ66H2G361,0,
5,12.16988764,74.72846683,Premium,Mailed check,Yes,Movies,No,Mobile,27.93771177,86.6375014,9,Comedy,2.8983278864999997,8,Male,5,Yes,Unknown,H31DZM06UI,1,
53,15.09488098,800.0286919,Standard,Unknown,Yes,Movies,No,Computer,18.61123382,165.4900929,21,Sci-Fi,4.604481126,5,Male,18,Yes,Unknown,I92FCYHJRW,0,
3,12.16988764,33.77615148,Standard,Credit card,No,Movies,Yes,Computer,15.22521224,59.38875492,6,Comedy,2.313141941,0,Male,20,No,Yes,Q0XR35SRFZ,0,
97,8.865345957,859.9385578,Premium,Bank transfer,No,Both,No,Mobile,34.40039298,23.25296951,1,Fantasy,1.237131577,7,Female,8,No,Unknown,081DU40029,0,
104,13.30275197,614.1966064,Standard,Credit card,No,TV Shows,No,TV,25.25548455,78.47732753,29,Fantasy,3.73780452,8,Male,11,Yes,Unknown,PYTSHOQHIY,0,
92,15.99102054,1471.17389,Premium,Credit card,No,TV Shows,Yes,TV,25.72438926,123.1962112,1,Drama,2.911820671,4,Female,17,Yes,Unknown,B2YAQB8M5B,0,
99,5.716633957,565.9467618,Standard,Bank transfer,No,TV Shows,No,Mobile,10.48541346,40.12308715,29,Action,2.439484912,3,Male,14,No,Unknown,QAR0F5EHQT,0,
29,10.53592204,305.5417392,Basic,Credit card,Yes,Both,No,Tablet,34.82195372,6.247097362,41,Drama,1.483986315,5,Male,1,Yes,Unknown,UA4P20Z35A,0,
108,19.57058538,614.1966064,Premium,Electronic check,No,Both,Yes,TV,15.11778891,19.71619712,20,Fantasy,3.767194425,9,Male,8,Yes,Unknown,DFYIN9SBFQ,0,
55,5.064326266,278.5379446,Basic,Credit card,Yes,Both,No,Unknown,39.6598602,140.5613295,10,Action,2.292194945,7,Male,19,No,Unknown,A0ZV2NJD9X,0,
36,16.41691609,591.0089791,Basic,Bank transfer,Yes,Both,Yes,Mobile,26.87183542,89.74440334,8,Fantasy,2.898016668,6,Male,19,Yes,Unknown,D44UGN4HSJ,1,
58,17.12209195,993.0813329,Premium,Unknown,No,Movies,Yes,Mobile,3.212745005,32.16705113,10,Drama,4.658962906,0,Male,15,No,Unknown,2PCMQ70B00,0,
119,5.922800209,614.1966064,Standard,Bank transfer,No,TV Shows,Yes,Tablet,25.9961326,146.0279664,27,Comedy,1.35432128,9,Female,10,Yes,Yes,H5SZ7FES61,0,
45,7.479918813,614.1966064,Standard,Unknown,No,TV Shows,No,Tablet,35.33434744,70.44997988,24,Action,1.664935273,9,Female,20,Yes,Unknown,2LHY33J41C,0,
39,12.16988764,527.9927983,Premium,Unknown,No,TV Shows,No,Mobile,29.59917151,175.8270913,41,Sci-Fi,2.8983278864999997,0,Female,19,No,Unknown,IADZTAW7PN,0,
64,7.779872894,614.1966064,Premium,Mailed check,No,Movies,No,Computer,19.02588027,167.0261452,26,Action,4.997348407,1,Male,15,Yes,Unknown,U4L19VWPAW,0,
39,14.9775179,584.1231981,Premium,Bank transfer,No,TV Shows,No,Mobile,23.51200477,21.09682999,7,Comedy,4.051848415,7,Female,2,No,Unknown,I3YN48111X,0,
103,18.3161155,1886.559896,Premium,Electronic check,No,Movies,No,Computer,34.88153135,129.516145,13,Sci-Fi,1.274556085,8,Male,8,Yes,Unknown,GTF8FMBELG,0,
90,12.16988764,648.1909856,Standard,Electronic check,No,Both,No,TV,6.707643872,78.6286732,5,Fantasy,2.348732101,0,Female,16,Yes,Unknown,36VG8O8R82,0,
68,5.966453809,405.718859,Standard,Unknown,No,Movies,Yes,Mobile,32.90722133,8.413518316,21,Action,4.070433779,0,Male,16,No,Unknown,B2O7QXR1VY,1,
94,13.77989825,1295.310436,Basic,Unknown,No,TV Shows,No,TV,26.10814415,166.4532781,27,Action,3.704227276,9,Unknown,20,No,Unknown,U9BUACNBVB,0,
67,11.07856884,742.2641123,Standard,Mailed check,Yes,TV Shows,Yes,Tablet,13.02470868,134.3831843,36,Drama,4.933088122,6,Female,17,Yes,Unknown,L3IQ89UYIM,0,
22,12.16988764,241.4338178,Basic,Credit card,No,TV Shows,No,Computer,4.086674916,53.58520448,39,Comedy,3.435432065,8,Female,2,Yes,Unknown,CAERHO9CBV,0,
51,8.590204518,614.1966064,Standard,Electronic check,Yes,Both,No,TV,15.28447115,120.7159768,42,Action,2.214937265,0,Female,13,No,Unknown,Y0NLNJZOI5,0,
85,12.94482171,1100.309846,Premium,Credit card,No,TV Shows,No,Computer,25.36389034,62.02163793,38,Action,4.809515268,6,Female,8,No,Unknown,9A8V2LAM27,0,
58,14.44393267,837.7480947,Premium,Credit card,Yes,TV Shows,Yes,Mobile,21.74635098,72.19655584,38,Drama,2.296358174,9,Male,5,No,Unknown,OMOD8DEUJP,1,
60,14.6213305,614.1966064,Premium,Unknown,No,Both,No,Computer,38.52864329,152.2692579,8,Action,2.211440114,9,Male,9,No,No,EBUK0C1O5F,0,
33,10.71866854,353.7160618,Premium,Credit card,Yes,Movies,Yes,Mobile,11.40549962,75.42671809,34,Drama,2.8983278864999997,8,Male,6,No,Unknown,LA8T15GZS1,0,
30,19.13441474,574.0324422,Basic,Electronic check,Yes,Movies,Yes,Mobile,36.52935317,160.5446678,20,Drama,2.115100248,2,Female,9,Yes,Unknown,XFT37HHKZM,0,
39,12.16988764,364.3205436,Basic,Credit card,No,Both,Yes,Computer,11.29991407,83.20229847,29,Drama,1.378773153,6,Female,14,Yes,Unknown,074PZ3GZSG,0,
74,15.43833433,1142.43674,Premium,Unknown,No,Both,No,TV,4.046385732,106.6671274,43,Drama,2.8983278864999997,7,Male,22,Yes,No,7DF2M4MUWP,1,
102,11.54543593,1177.634465,Standard,Electronic check,Yes,TV Shows,No,Computer,5.812035279,128.5338193,4,Unknown,2.652944423,4,Male,1,No,Unknown,ISLQAOC57C,1,
63,12.16988764,915.7511423,Premium,Credit card,Yes,TV Shows,Yes,Mobile,12.31219247,168.0283533,29,Unknown,2.126789461,2,Male,17,No,Unknown,XW3KL8GLF1,0,
29,12.07390062,350.1431178,Standard,Electronic check,No,Movies,No,Tablet,20.44272324,120.2674669,24,Drama,2.8983278864999997,3,Male,5,Yes,Unknown,VXNUELDYR3,1,
30,12.16988764,614.1966064,Standard,Unknown,No,TV Shows,Yes,Mobile,21.73885307,161.152308,9,Action,4.22724734,7,Male,11,Yes,Unknown,ZZ2AOBLX7L,1,
23,6.903977473,158.7914819,Basic,Electronic check,Yes,Both,No,TV,27.32982434,147.8478889,46,Fantasy,1.330030783,4,Female,22,Yes,Unknown,V6AQDF5VM3,1,
22,12.16988764,614.1966064,Standard,Electronic check,No,TV Shows,Yes,Mobile,28.15800274,163.4173622,4,Sci-Fi,1.437628662,7,Male,24,No,Unknown,GEF3YMDT2A,0,
24,12.16988764,272.73186,Basic,Unknown,Yes,Movies,No,Unknown,4.111456907,68.3789624,10,Unknown,1.456945348,6,Female,0,No,Yes,GI2IWXABN1,1,
61,14.67742057,895.3226545,Premium,Unknown,No,Both,No,TV,24.81741268,126.2386189,7,Action,1.719709749,6,Male,6,Yes,Unknown,BETP55JMU6,0,
4,18.01716463,72.06865851,Basic,Unknown,Yes,Movies,No,Computer,22.62586409,89.35245544,4,Unknown,1.277444199,8,Female,23,No,Unknown,F3J0NDUXFC,0,
16,13.45762428,215.3219885,Standard,Bank transfer,No,Movies,No,Mobile,14.69352016,48.47581834,17,Action,1.713206988,7,Male,11,Yes,Yes,075CHHJWHL,0,
56,10.0542282,563.0367791,Basic,Electronic check,No,Both,Yes,Computer,21.84678253,10.45570852,48,Fantasy,2.8983278864999997,2,Male,3,No,Unknown,0NW335BLQM,0,
83,5.157131008,428.0418737,Basic,Unknown,No,Movies,No,Mobile,2.520628166,45.94943543,40,Action,2.200066362,9,Male,21,Yes,Unknown,AV3ZDGUB4C,0,
67,13.14934601,881.0061826,Basic,Unknown,Yes,TV Shows,No,Computer,3.737328855,25.27209713,40,Unknown,2.8983278864999997,1,Male,22,No,Unknown,15GWB8NVG5,0,
119,8.575779675,1020.517781,Basic,Bank transfer,Yes,TV Shows,Yes,TV,5.691825977,38.84930537,5,Fantasy,3.330466463,2,Male,23,No,Unknown,6VUYH24HVW,0,
57,15.90885076,614.1966064,Basic,Unknown,Yes,Movies,No,Mobile,30.26786517,125.1471416,40,Sci-Fi,2.8983278864999997,0,Male,14,No,Unknown,X1OE7MMFDL,0,
42,5.31960175,223.4232735,Basic,Credit card,Yes,Both,No,TV,21.02637405,163.3872734,20,Action,2.8983278864999997,6,Male,17,Yes,Unknown,WN959MJRVK,0,
